,word,count,word_len,new_word
1,reintegration,1,13,reintegration
46,consistently,13,12,consistently
53,thirdlargest,3,12,third largest
83,staffordsmith,1,13,stafford smith
107,distribution,34,12,distribution
116,chinawatcher,1,12,china watcher
126,selfdiagnosis,2,13,self diagnosis
139,neighbourhood,4,13,neighbourhood
140,newlyappointed,2,14,newly appointed
153,deregulation,4,12,deregulation
160,schwarzenegger,2,14,schwarzenegger
161,peacekeeping,1,12,peacekeeping
164,departmental,1,12,departmental
194,extraordinarily,2,15,extraordinarily
232,illiberalism,1,12,il liberalism
238,unreturnable,1,12,un returnable
250,pronouncement,2,13,pronouncement
274,significantly,16,13,significantly
324,pharmaceutical,11,14,pharmaceutical
331,discriminate,7,12,discriminate
339,extraordinary,14,13,extraordinary
343,bookingearold,1,13,book in gear old
345,tranquillity,2,12,tranquillity
347,additionally,1,12,additionally
366,prescription,2,12,prescription
394,undetectable,2,12,undetectable
420,verification,1,12,verification
423,regeneration,1,12,regeneration
441,floridabased,2,12,florida based
444,nonessential,1,12,nonessential
450,moneychangers,1,13,money changers
452,aynsleygreen,4,12,ayn s ley green
459,antisemitism,3,12,antisemitism
485,heavilytipped,2,13,heavily tipped
495,compatibility,4,13,compatibility
498,increasingly,53,12,increasingly
508,benchmarking,1,12,benchmarking
521,ratification,2,12,ratification
523,ritesofpassage,2,14,rites of passage
529,housebuilder,1,12,house builder
548,enthusiastic,2,12,enthusiastic
551,democratgreen,1,13,democrat green
571,accompaniment,1,13,accompaniment
611,dictatorship,1,12,dictatorship
612,philippoussis,5,13,philipp o uss is
625,unstructured,1,12,unstructured
627,comparatively,2,13,comparatively
637,professionalism,4,15,professionalism
640,egyptianborn,1,12,egyptian born
649,greensleeves,2,12,greensleeves
651,mindnumbingly,1,13,mind numbing ly
661,neathswansea,4,12,neath swansea
664,bromesberrow,1,12,brom es ber row
668,notification,1,12,notification
693,selfcritical,1,12,self critical
699,englishspeaking,5,15,english speaking
755,unassailable,2,12,unassailable
779,swashbuckling,1,13,swashbuckling
801,longrumoured,1,12,long rumoured
807,evidencebased,1,13,evidence based
825,concurrently,1,12,concurrently
854,environmentalist,2,16,environmentalist
860,montrealbased,1,13,montreal based
892,underwhelming,1,13,under w hel ming
931,professional,36,12,professional
932,islamaphobia,1,12,islam a phobia
947,announcement,61,12,announcement
957,rehabilitate,2,12,rehabilitate
966,novemberearly,1,13,november early
976,gangsterstyle,1,13,gangster style
988,codecracking,2,12,code cracking
1017,humanitarian,5,12,humanitarian
1031,albanianborn,1,12,albanian born
1051,principality,1,12,principality
1061,higherquality,1,13,higher quality
1087,precautionary,1,13,precautionary
1090,selfdestruct,1,12,self destruct
1166,libertadores,1,12,libertadores
1191,groundstrokes,1,13,ground strokes
1207,satisfaction,6,12,satisfaction
1226,restructuing,1,12,re struct u ing
1248,governmentcommissioned,2,22,government commissioned
1249,macroeconomic,2,13,macroeconomic
1255,coincidentally,2,14,coincidentally
1285,schizophrenic,2,13,schizophrenic
1303,capitalisation,3,14,capitalisation
1328,reinstatement,2,13,reinstatement
1348,frankenheimer,2,13,franken he i mer
1356,stranglehold,3,12,stranglehold
1411,problematical,1,13,problematical
1412,underexposure,2,13,under exposure
1413,overcrowding,1,12,overcrowding
1421,carolinabased,1,13,carolina based
1439,jacksonstyle,1,12,jackson style
1525,cancellation,6,12,cancellation
1533,euroatlantic,1,12,euro atlantic
1534,chiropractor,1,12,chiropractor
1541,artificially,3,12,artificially
1555,uncompromising,2,14,uncompromising
1598,ekhayelitsha,2,12,ek haye lit sha
1613,indescribable,1,13,indescribable
1642,wwwarsenalcom,1,13,www arsenal com
1650,comprehensive,6,13,comprehensive
1690,biggestselling,2,14,biggest selling
1708,diarywriting,2,12,diary writing
1718,responsibility,54,14,responsibility
1737,minuteeconds,1,12,minute eco nds
1740,conglomerate,1,12,conglomerate
1746,aesthetically,1,13,aesthetically
1753,cinematographer,2,15,cinematographer
1790,congratulation,6,14,congratulation
1809,computational,1,13,computational
1821,transmission,8,12,transmission
1830,energystarved,1,13,energy starved
1853,troubleshoot,1,12,troubleshoot
1855,messageboard,1,12,message board
1875,papadoyiannakis,2,15,papa do yi an nak is
1876,proportionately,3,15,proportionately
1923,unnecessarily,2,13,unnecessarily
1972,unfulfilling,2,12,un fulfilling
1986,reevaluation,1,12,reevaluation
1994,approximation,1,13,approximation
2001,charttoppers,2,12,chart toppers
2027,unauthorised,4,12,unauthorised
2032,antagonistic,1,12,antagonistic
2040,higherpriced,1,12,higher priced
2055,incompatibility,2,15,incompatibility
2059,interamerican,2,13,inter american
2094,fayetteville,1,12,fayetteville
2141,castrogiovanni,5,14,castro giovanni
2146,eighthseeded,2,12,eighth seeded
2169,counterterrorism,2,16,counter terrorism
2180,conciliation,5,12,conciliation
2187,londonfrankfurt,2,15,london frankfurt
2197,questionnaire,3,13,questionnaire
2202,eccentricity,1,12,eccentricity
2241,dangerousthe,1,12,dangerous the
2252,fileswapping,2,12,file swapping
2270,hindilanguage,1,13,hindi language
2278,anticipation,5,12,anticipation
2287,unfavourably,1,12,un favourably
2316,bloomingdale,2,12,blooming dale
2370,childishness,1,12,childishness
2393,underperform,1,12,under perform
2396,collaborator,2,12,collaborator
2419,functionality,6,13,functionality
2440,threequarter,1,12,three quarter
2442,irreplaceable,1,13,irreplaceable
2459,inflammatory,1,12,inflammatory
2462,antiglobalisation,2,17,anti globalisation
2469,bandsartists,1,12,bands artists
2495,beerflavoured,2,13,beer flavoured
2528,electronically,4,14,electronically
2532,selfexpression,2,14,self expression
2550,nigerianowned,1,13,nigerian owned
2563,misconception,3,13,misconception
2603,degenerative,1,12,degenerative
2627,mismanagement,1,13,mismanagement
2640,disturbingly,1,12,disturbingly
2663,metropolitan,11,12,metropolitan
2703,convincingly,1,12,convincingly
2712,billiondollar,5,13,billion dollar
2719,manslaughter,3,12,manslaughter
2734,legitimately,2,12,legitimately
2751,visakhapatnam,1,13,visa khapa tnam
2771,characterize,1,12,characterize
2776,legallydownloaded,2,17,legally downloaded
2787,ticketholder,1,12,ticket holder
2800,merriamwebster,5,14,merriam webster
2812,newsgamingcom,1,13,news gaming com
2819,muzaffarabad,1,12,muzaffarabad
2879,contaminationfree,2,17,contamination free
2890,revolutionary,3,13,revolutionary
2912,cannontoting,1,12,cannon toting
2919,unsuccessful,6,12,unsuccessful
2955,foreignowned,2,12,foreign owned
2976,scalprecorded,1,13,scalp recorded
2985,reimbursement,1,13,reimbursement
3005,antiterrorism,5,13,anti terrorism
3007,predominately,2,13,predominately
3043,recordbreaking,6,14,record breaking
3084,reinitiation,1,12,re initiation
3138,intentionally,2,13,intentionally
3142,independence,26,12,independence
3151,interactivity,4,13,interactivity
3154,contribution,38,12,contribution
3166,subscription,23,12,subscription
3177,showbusiness,2,12,show business
3181,operationally,1,13,operationally
3206,passionately,1,12,passionately
3244,searchengine,1,12,search engine
3252,unemployment,47,12,unemployment
3253,privatisation,9,13,privatisation
3265,impressionist,1,13,impressionist
3286,wonderstrike,1,12,wonder strike
3292,singaporelisted,2,15,singapore listed
3298,justification,1,13,justification
3307,purification,1,12,purification
3312,fourthquarter,3,13,fourth quarter
3356,normalengined,1,13,normal engined
3357,interrogated,1,12,interrogated
3361,threemonthly,1,12,three monthly
3382,certification,1,13,certification
3383,bureaucratism,1,13,bureaucrat is m
3385,recapitalised,1,13,re capitalised
3392,nonsolicited,1,12,non solicited
3401,semifinalist,1,12,semifinalist
3410,confiscatory,1,12,conf isca tory
3445,quarterfinal,25,12,quarterfinal
3446,retrospective,2,13,retrospective
3454,antiaircraft,1,12,antiaircraft
3460,inconclusive,1,12,inconclusive
3470,hairdressing,1,12,hairdressing
3497,interoperable,2,13,interoperable
3507,noncompetitive,2,14,noncompetitive
3523,herefordshire,1,13,herefordshire
3525,southeastern,1,12,southeastern
3547,paidforpassalong,2,16,paid for pass along
3619,doubledeckers,1,13,double decker s
3625,enthusiastically,2,16,enthusiastically
3633,specification,11,13,specification
3639,continuation,2,12,continuation
3673,daimlerchrysler,12,15,daimlerchrysler
3687,sophisticated,14,13,sophisticated
3709,krivorizhstal,3,13,kr ivor i zh stal
3764,exponentially,1,13,exponentially
3805,jointventure,1,12,joint venture
3821,welshenglish,1,12,welsh english
3830,characteristic,3,14,characteristic
3831,dispassionate,1,13,dispassionate
3852,demonstrated,1,12,demonstrated
3853,discrimination,12,14,discrimination
3856,antieuropeans,1,13,anti europeans
3857,multitakings,2,12,multi takings
3860,supercomputing,2,14,super computing
3864,confectionery,2,13,confectionery
3906,persistently,1,12,persistently
3912,allaustralian,3,13,all australian
3914,straightforward,15,15,straightforward
3917,declarations,1,12,declarations
3923,newlyfounded,1,12,newly founded
3944,middlesbrough,17,13,middlesbrough
4005,singlehandedly,3,14,single handedly
4023,consideration,11,13,consideration
4093,discriminated,1,13,discriminated
4105,stringfellow,2,12,stringfellow
4114,soberlysuited,1,13,soberly suited
4142,intermission,1,12,intermission
4143,storytelling,1,12,storytelling
4146,coproduction,8,12,co production
4163,singlebedroom,1,13,single bedroom
4179,gamebreakers,1,12,game breakers
4196,consumercreated,2,15,consumer created
4203,productivity,6,12,productivity
4205,misunderstood,3,13,misunderstood
4210,staffordshire,1,13,staffordshire
4218,astonishingly,2,13,astonishingly
4224,invasiveness,1,12,invasive ness
4232,nonperforming,1,13,non performing
4249,alternatively,1,13,alternatively
4269,welshspeaking,1,13,welsh speaking
4274,selfcontained,2,13,self contained
4294,euroscepticism,2,14,euroscepticism
4306,uninterested,1,12,uninterested
4321,multilingual,2,12,multilingual
4327,systematically,3,14,systematically
4357,screenfilling,1,13,screen filling
4385,interrupting,1,12,interrupting
4388,secondplaced,2,12,second placed
4395,sixkilometre,1,12,six kilometre
4413,sowdentaylor,2,12,sow den taylor
4424,impressively,3,12,impressively
4433,californiabased,3,15,california based
4449,consecutively,1,13,consecutively
4524,advertisement,3,13,advertisement
4562,halobungieorg,1,13,halo bungie org
4572,differential,2,12,differential
4573,whittingdale,1,12,w hitting dale
4584,pencepershare,1,13,pence per share
4592,battleground,3,12,battleground
4595,energetically,1,13,energetically
4602,lowerranking,1,12,lower ranking
4612,communicator,5,12,communicator
4633,breakthrough,21,12,breakthrough
4640,knowledgeable,1,13,knowledgeable
4653,irregularity,9,12,irregularity
4655,unaccompanied,4,13,unaccompanied
4666,revolutionised,2,14,revolutionised
4672,televentures,1,12,tele ventures
4677,indefinitely,8,12,indefinitely
4682,instinctively,3,13,instinctively
4684,firstquarter,1,12,first quarter
4720,christianity,1,12,christianity
4737,liverpudlian,1,12,liver pu d lian
4769,technologies,3,12,technologies
4770,inspirational,3,13,inspirational
4787,writerdirector,3,14,writer director
4808,actordirector,1,13,actor director
4813,visualisation,1,13,visualisation
4831,rebandingwill,1,13,re banding will
4833,tripledecker,1,12,triple decker
4853,decisionmaker,1,13,decision maker
4881,subcontractor,2,13,subcontractor
4894,quarterpoint,1,12,quarter point
4912,internetbased,2,13,internet based
4927,cinematography,4,14,cinematography
4928,prechristmas,2,12,pre christmas
4938,consultation,15,12,consultation
4955,disaffection,1,12,disaffection
4965,sonyericsson,2,12,sony ericsson
4991,hypertension,1,12,hypertension
4997,reinvigorate,1,12,reinvigorate
4999,cryptography,1,12,cryptography
5018,spontaneously,1,13,spontaneously
5027,lowerskilled,1,12,lower skilled
5043,thanksgiving,2,12,thanksgiving
5096,distributing,1,12,distributing
5130,modification,1,12,modification
5131,invitational,1,12,invitational
5140,congratulate,6,12,congratulate
5148,drumthrowing,1,12,drum throwing
5160,fictionalise,1,12,fictional is e
5162,exportdriven,2,12,export driven
5168,statisticians,1,13,statisticians
5171,manipulation,3,12,manipulation
5195,aberdeenbased,1,13,aberdeen based
5206,entrepreneur,8,12,entrepreneur
5215,behindclosed,1,12,behind closed
5224,coproductions,2,13,co productions
5229,oscarwinning,10,12,oscar winning
5241,depreciation,2,12,depreciation
5260,widereaching,1,12,wide reaching
5290,musicalcomedy,2,13,musical comedy
5310,straightsets,1,12,straight sets
5338,lichtenstein,3,12,lichtenstein
5343,protagonists,1,12,protagonists
5344,deterioration,4,13,deterioration
5354,nielsennetratings,8,17,nielsen net ratings
5375,superathletic,1,13,super athletic
5423,adaptibility,1,12,adapt i bil it y
5438,africanamerican,3,15,african american
5469,implantation,1,12,implantation
5497,nanoparticles,1,13,nanoparticles
5499,attributable,1,12,attributable
5539,ramification,2,12,ramification
5543,displacement,1,12,displacement
5549,inaccessible,3,12,inaccessible
5550,crossexamined,2,13,cross examined
5555,fourthminute,1,12,fourth minute
5559,allenveloping,1,13,all enveloping
5560,timespecific,1,12,time specific
5608,wrightphillips,14,14,wright phillips
5609,antieuropean,1,12,anti european
5618,michelangelo,1,12,michelangelo
5621,quicklytaken,1,12,quickly taken
5624,stagemanaged,2,12,stage managed
5657,weidensteiner,1,13,weiden steiner
5672,occasionally,7,12,occasionally
5701,tuberculosis,2,12,tuberculosis
5722,disadvantage,10,12,disadvantage
5731,authoritative,1,13,authoritative
5762,unbelievable,1,12,unbelievable
5768,antibacterial,1,13,antibacterial
5815,homelessness,1,12,homelessness
5825,sophisticate,7,12,sophisticate
5837,looseforward,1,12,loose forward
5847,constitution,38,12,constitution
5849,latenovember,1,12,late november
5853,mouldbreaking,1,13,mould breaking
5865,virginiabased,1,13,virginia based
5871,disproportionate,6,16,disproportionate
5891,lostprophets,1,12,lostprophets
5929,environmental,35,13,environmental
5976,impersonated,1,12,impersonated
6005,panagopoulos,1,12,pan ago poul os
6007,nextgeneration,2,14,next generation
6018,asbestosrelated,2,15,asbestos related
6019,commoditising,2,13,com mod it ising
6026,secondfastest,1,13,second fastest
6037,supercasinos,4,12,supercasino s
6044,confirmation,7,12,confirmation
6048,intermediary,2,12,intermediary
6078,registration,9,12,registration
6093,disciplinary,17,12,disciplinary
6094,sweetnatured,1,12,sweet natured
6102,overlyzealous,2,13,overly zealous
6115,recordholder,1,12,record holder
6132,reformminded,1,12,reform minded
6143,semifictional,1,13,semi fictional
6155,prodemocracy,1,12,pro democracy
6170,chennaibased,1,12,chennai based
6268,experimental,4,12,experimental
6298,contradictory,5,13,contradictory
6306,dispensation,1,12,dispensation
6308,nanotechnology,2,14,nanotechnology
6325,rubberstamps,1,12,rubber stamps
6350,introspective,1,13,introspective
6383,organisations,1,13,organisations
6422,fastspreading,1,13,fast spreading
6425,sixthhighest,1,12,sixth highest
6466,underproduced,1,13,under produced
6486,congressional,4,13,congressional
6500,preclearance,1,12,pre clearance
6518,conspicuously,1,13,conspicuously
6640,mortgagestyle,1,13,mortgage style
6675,moneyspinning,2,13,money spinning
6682,periodically,1,12,periodically
6698,counterbalance,2,14,counterbalance
6717,policyholder,3,12,policyholder
6734,infrastructure,24,14,infrastructure
6739,architecture,7,12,architecture
6740,georgewbushcom,3,14,george w bush com
6745,seasonending,3,12,season ending
6748,hitzlsperger,3,12,hit zl s per ger
6752,manufacturing,26,13,manufacturing
6756,righteousness,2,13,righteousness
6775,transformation,5,14,transformation
6779,advertiserbased,2,15,advertiser based
6781,unwillingness,2,13,unwillingness
6787,representative,33,14,representative
6796,miscarriages,1,12,miscarriages
6799,agrochemical,1,12,a gro chemical
6804,manufacturer,33,12,manufacturer
6818,reengineered,1,12,re engineered
6827,inconsistency,1,13,inconsistency
6828,understanding,5,13,understanding
6855,littlefeather,1,13,little feather
6876,payperaction,2,12,pay per action
6877,preoccupation,1,13,preoccupation
6897,unremarkable,1,12,unremarkable
6903,workingclass,1,12,working class
6906,berthinussen,1,12,berth in us sen
6909,thirdquarter,3,12,third quarter
6959,vindictively,1,12,vindictively
6975,investigation,71,13,investigation
6987,consultative,1,12,consultative
6996,centrehalves,1,12,centre halves
7015,motherboards,2,12,motherboards
7039,irreversible,1,12,irreversible
7066,investigated,2,12,investigated
7104,palookaville,2,12,pa look a ville
7107,optinrealbig,6,12,opt in real big
7110,schoolfriends,1,13,school friends
7116,underestimate,3,13,underestimate
7137,irrespective,3,12,irrespective
7151,contributing,1,12,contributing
7156,unintentional,3,13,unintentional
7162,courageously,2,12,courageously
7165,homeshopping,1,12,home shopping
7193,considerable,7,12,considerable
7197,psychologist,1,12,psychologist
7210,cashstrapped,2,12,cash strapped
7216,correctional,2,12,correctional
7243,threeandahalf,1,13,three and a half
7281,highlyradioactive,2,17,highly radioactive
7296,julyseptember,1,13,july september
7304,grammywinning,1,13,grammy winning
7353,oscarnominated,14,14,oscar nominated
7368,liechtenstein,1,13,liechtenstein
7407,performances,1,12,performances
7409,sindelfingen,1,12,s in delf in gen
7429,doubleheader,1,12,doubleheader
7432,conversation,18,12,conversation
7434,hrisanthakis,1,12,hr is ant hak is
7436,selfdelusion,1,12,self delusion
7468,centreforward,1,13,centre forward
7473,nongovernment,1,13,non government
7513,irritatingly,1,12,irritatingly
7534,majorityowned,1,13,majority owned
7536,effortlessly,1,12,effortlessly
7566,highcapacity,4,12,high capacity
7582,understaffed,1,12,understaffed
7601,holidaymaker,1,12,holiday maker
7629,nottinghamshire,2,15,nottinghamshire
7637,emphatically,1,12,emphatically
7651,consolidation,12,13,consolidation
7676,instantaccess,1,13,instant access
7689,authentication,2,14,authentication
7702,oldfashioned,5,12,old fashioned
7703,satyanarayana,1,13,satya narayana
7712,indiapakistan,1,13,india pakistan
7776,postgraduate,1,12,postgraduate
7803,nontechnical,2,12,nontechnical
7818,assassination,3,13,assassination
7825,wellpolished,1,12,well polished
7857,confrontation,6,13,confrontation
7878,fuelinjection,2,13,fuel injection
7891,demonstrator,1,12,demonstrator
7932,accidentally,5,12,accidentally
7953,paternalistic,1,13,paternalistic
7958,programmable,2,12,programmable
7964,interception,1,12,interception
7967,theirfamilies,1,13,their families
7970,highresolution,3,14,high resolution
7996,progovernment,1,13,pro government
8002,antisectarian,1,13,anti sectarian
8030,quadriplegic,1,12,quadriplegic
8041,developmental,1,13,developmental
8056,disagreement,4,12,disagreement
8064,reproductive,1,12,reproductive
8065,speculatively,1,13,speculative ly
8075,conclusively,1,12,conclusively
8077,pricewaterhousecoopers,3,22,price waterhouse coopers
8087,irresponsible,10,13,irresponsible
8130,rechargeable,1,12,rechargeable
8140,khodorkovsky,32,12,kh odor kov sky
8158,surroundings,3,12,surroundings
8170,franciscobased,3,14,francisco based
8179,palestinians,1,12,palestinians
8181,collectively,1,12,collectively
8188,admissibility,1,13,admissibility
8191,publiccompany,1,13,public company
8254,encroachment,1,12,encroachment
8279,brisbanebased,1,13,brisbane based
8290,relationship,60,12,relationship
8312,collaboration,8,13,collaboration
8326,copyprotection,2,14,copy protection
8334,dependability,1,13,dependability
8346,unacceptable,17,12,unacceptable
8355,usregistered,1,12,us registered
8357,cambridgebased,2,14,cambridge based
8377,casinorelated,1,13,casino related
8393,revolutionise,8,13,revolution is e
8414,deliberately,13,12,deliberately
8415,propostition,1,12,pro post it ion
8417,verbalicious,1,12,verb a licious
8420,dramatically,7,12,dramatically
8453,unattractive,1,12,unattractive
8531,deliberation,1,12,deliberation
8532,wolstenholme,1,12,wolstenholme
8549,harmonisation,1,13,harmon is ation
8570,ridiculously,1,12,ridiculously
8580,nipplebaring,1,12,nipple baring
8593,incrediblelike,3,14,incredible like
8616,pararallying,2,12,para rallying
8622,insignificant,2,13,insignificant
8647,journalistic,2,12,journalistic
8651,surgutneftegas,2,14,sur gut ne ft egas
8688,considerably,8,12,considerably
8694,fastestrising,1,13,fastest rising
8750,timeshifting,1,12,time shifting
8780,disintegrate,1,12,disintegrate
8819,bedellsivright,2,14,be dells iv right
8827,britishbacked,1,13,british backed
8841,industrialist,2,13,industrialist
8856,bloodandsinew,1,13,blood and sinew
8866,associations,1,12,associations
8877,foreignbased,1,12,foreign based
8883,robotiquette,3,12,robot i que tte
8884,surprisingly,6,12,surprisingly
8910,dopingrelated,1,13,doping related
8922,fourthbiggest,2,13,fourth biggest
8923,codebreaking,1,12,codebreaking
8939,reconstructed,2,13,reconstructed
8952,intelligence,25,12,intelligence
8966,intellectual,7,12,intellectual
8998,conferencing,3,12,conferencing
9013,confidential,26,12,confidential
9024,frustratingly,1,13,frustratingly
9040,microsystems,2,12,microsystems
9042,meandzoegate,1,12,me and zoe gate
9049,vicedirector,1,12,vice director
9078,ryanairboeing,1,13,ryanair boeing
9081,speechwriting,2,13,speech writing
9116,sittingbourne,1,13,sitting bourne
9130,lowprevalence,1,13,low prevalence
9156,lewisfrancis,15,12,lewis francis
9170,infringement,13,12,infringement
9189,controversial,63,13,controversial
9203,worstaffected,2,13,worst affected
9222,multilateral,2,12,multilateral
9244,collaborative,1,13,collaborative
9271,injuryplagued,1,13,injury plagued
9274,serialisation,1,13,serial is ation
9276,untrammelled,1,12,un trammelled
9284,silverbooted,1,12,silver booted
9288,congressionallymandated,2,23,congressionally mandated
9293,millionpound,1,12,million pound
9320,outofcompetition,2,16,out of competition
9323,missionairies,1,13,mission air ies
9335,halfmarathon,3,12,half marathon
9361,renationalise,2,13,re national is e
9380,solicitation,3,12,solicitation
9404,timehonoured,2,12,time honoured
9415,drinkdriving,3,12,drink driving
9439,doorstepping,1,12,door stepping
9468,extravaganza,1,12,extravaganza
9474,inconvenience,3,13,inconvenience
9475,fraudulently,3,12,fraudulently
9476,terabytesize,1,12,terabyte size
9494,inappropriate,11,13,inappropriate
9506,inauguration,2,12,inauguration
9510,exceptionally,1,13,exceptionally
9512,telecommunication,21,17,telecommunication
9532,votecatching,1,12,vote catching
9542,powersharing,1,12,power sharing
9567,dramatisation,1,13,drama tis ation
9576,insensitivity,1,13,insensitivity
9589,pornographic,6,12,pornographic
9591,salsamerengue,1,13,salsa merengue
9599,mediterranean,1,13,mediterranean
9633,colombianborn,1,13,colombian born
9638,mathematical,3,12,mathematical
9650,dysfunctional,2,13,dysfunctional
9654,baskinrobbins,1,13,baskin robbins
9667,nonrepayable,1,12,non repayable
9670,gloucestershire,2,15,gloucestershire
9699,recommendation,7,14,recommendation
9715,underestimating,4,15,underestimating
9721,crimefighting,1,13,crime fighting
9731,surreptitiously,2,15,surreptitiously
9735,unreasonable,4,12,unreasonable
9750,multinationals,3,14,multinationals
9787,lackadaisical,1,13,lackadaisical
9790,injuryravaged,1,13,injury ravaged
9792,magnificently,2,13,magnificently
9806,significance,2,12,significance
9809,jurisdiction,13,12,jurisdiction
9824,progressively,1,13,progressively
9840,realistically,5,13,realistically
9848,leadenfooted,1,12,leaden footed
9855,fastestgrowing,5,14,fastest growing
9858,quickthinking,1,13,quick thinking
9861,decisiveness,1,12,decisiveness
9869,underpressure,1,13,under pressure
9885,seasonleading,1,13,season leading
9897,locationbased,1,13,location based
9936,bedfordshire,1,12,bedfordshire
9977,argumentative,1,13,argumentative
10040,proliferation,3,13,proliferation
10047,statecontrolled,4,15,state controlled
10059,moneyspinner,1,12,money spinner
10071,spokesperson,18,12,spokesperson
10081,intervention,20,12,intervention
10086,disheartened,1,12,disheartened
10088,mendaciously,1,12,mendacious ly
10097,fuerteventura,1,13,fuerteventura
10104,turkmenistan,6,12,turkmenistan
10131,restructuren,1,12,restructure n
10139,thunderbirds,1,12,thunderbirds
10201,counterclaim,1,12,counterclaim
10237,conveniently,1,12,conveniently
10266,lifeextending,1,13,life extending
10335,latinohiphopradiocom,12,20,latino hiphop radio com
10339,demotivating,1,12,de motivating
10378,perpetuating,1,12,perpetuating
10401,fifthlargest,1,12,fifth largest
10407,recognisable,1,12,recognisable
10408,aggressively,7,12,aggressively
10420,keywordbased,1,12,keyword based
10426,authenticorp,2,12,authentic or p
10446,reintroduced,1,12,reintroduced
10447,understandable,3,14,understandable
10473,phonographic,9,12,phonographic
10499,doublefaults,3,12,double faults
10505,internationalised,4,17,internationalised
10534,dergarabedian,5,13,der gara be dian
10536,strengthened,1,12,strengthened
10567,nonsmartphone,1,13,non smartphone
10573,thirdbiggest,3,12,third biggest
10587,incapacitated,1,13,incapacitated
10599,unregistered,1,12,unregistered
10631,amplification,1,13,amplification
10675,unencumbered,1,12,un encumbered
10676,nonspecialist,1,13,non specialist
10700,comprehensively,2,15,comprehensively
10710,electrically,1,12,electrically
10724,renfrewshire,1,12,renfrewshire
10764,redundancies,1,12,redundancies
10778,battlegrounds,1,13,battlegrounds
10782,unremittingly,6,13,unremitting ly
10804,receptionist,1,12,receptionist
10836,construction,31,12,construction
10845,cannabisbased,1,13,cannabis based
10851,downshifting,1,12,down shifting
10860,colonisation,1,12,colonisation
10923,plasterboard,1,12,plasterboard
10924,redevelopment,1,13,redevelopment
10925,stereotypical,3,13,stereotypical
10928,nontraditional,3,14,non traditional
10938,entertainment,89,13,entertainment
10954,commemoration,3,13,commemoration
11011,interrogator,1,12,interrogator
11033,energysapping,1,13,energy sapping
11046,constituency,25,12,constituency
11050,nonemergency,1,12,non emergency
11079,technological,12,13,technological
11090,behindthescenes,2,15,behind the scenes
11091,passtheparcel,2,13,pass the parcel
11104,shareholding,1,12,shareholding
11130,konstantinos,1,12,konstantino s
11148,traditionally,15,13,traditionally
11158,footballplaying,2,15,football playing
11170,investigative,1,13,investigative
11179,fundamentally,4,13,fundamentally
11184,reconstruction,26,14,reconstruction
11198,multimillion,3,12,multi million
11206,indispensable,1,13,indispensable
11221,troublemaker,3,12,troublemaker
11245,downconverting,2,14,down converting
11260,sectarianism,3,12,sectarianism
11276,philadelphia,4,12,philadelphia
11286,indiscretion,1,12,indiscretion
11287,longestserving,3,14,longest serving
11310,secondbiggest,4,13,second biggest
11331,computergenerated,5,17,computer generated
11353,europeafrica,1,12,europe africa
11375,seventhseeded,3,13,seventh seeded
11377,whistleblower,1,13,whistle blower
11388,misrepresent,1,12,misrepresent
11432,pianopounder,1,12,piano pounder
11458,awardwinning,8,12,award winning
11500,motioncontrol,1,13,motion control
11511,decentralise,1,12,de central is e
11528,harinordoquy,6,12,har in or do quy
11550,coordination,3,12,coordination
11559,groundbreaking,7,14,groundbreaking
11647,philharmonic,1,12,philharmonic
11649,irresponsibility,2,16,irresponsibility
11681,illegitimate,7,12,illegitimate
11689,disappointment,18,14,disappointment
11691,profitability,9,13,profitability
11747,propertybased,1,13,property based
11764,appropriately,4,13,appropriately
11771,welfaretowork,1,13,welfare to work
11784,interrogation,1,13,interrogation
11792,antiphishing,1,12,anti phishing
11814,jakartabased,1,12,jakarta based
11836,djembadjemba,1,12,djemba djemba
11842,swaminarayan,1,12,swami narayan
11863,underachievement,2,16,under achievement
11868,fossilhunting,1,13,fossil hunting
11894,unscrupulous,2,12,unscrupulous
11985,multibillion,2,12,multi billion
11998,liverpudlians,1,13,liver pu d lian s
12028,antiviolence,4,12,anti violence
12029,bureaucratic,4,12,bureaucratic
12030,computerbased,4,13,computer based
12058,impersonator,1,12,impersonator
12080,wigglesworth,2,12,wiggles worth
12102,babyshambles,4,12,babyshambles
12116,goodpractice,1,12,good practice
12120,competitiveness,8,15,competitiveness
12131,crosslicense,1,12,cross license
12153,pronunciation,1,13,pronunciation
12156,ukcontrolled,1,12,uk controlled
12179,demonstration,7,13,demonstration
12188,invincibility,1,13,invincibility
12196,lightcoloured,1,13,light coloured
12219,autobiography,3,13,autobiography
12240,wellorganised,1,13,well organised
12275,choreography,4,12,choreography
12291,overemphasise,1,13,over emphasise
12296,simultaneously,10,14,simultaneously
12308,extortionate,1,12,extortionate
12322,consequently,1,12,consequently
12332,breastbaring,1,12,breast baring
12339,vicepresident,7,13,vicepresident
12349,roguedialling,2,13,rogue dialling
12350,titlewinning,1,12,title winning
12354,disappearance,9,13,disappearance
12363,preinstalled,1,12,pre installed
12389,democratisation,4,15,democrat is ation
12393,accomplished,3,12,accomplished
12410,massachusetts,5,13,massachusetts
12426,flamethrower,1,12,flamethrower
12428,autobiographical,2,16,autobiographical
12429,subsequently,6,12,subsequently
12467,liberalisation,3,14,liberalisation
12468,understandably,4,14,understandably
12473,quantitative,1,12,quantitative
12488,dissatisfied,1,12,dissatisfied
12489,counterparts,1,12,counterparts
12492,astronomical,1,12,astronomical
12501,agricultural,14,12,agricultural
12540,technologydominated,3,19,technology dominated
12562,homosexuality,2,13,homosexuality
12569,historically,3,12,historically
12586,transitional,2,12,transitional
12623,individually,8,12,individually
12634,reverberation,1,13,reverberation
12636,selffinanced,1,12,self financed
12656,supernatural,4,12,supernatural
12664,uninterrupted,1,13,uninterrupted
12683,intelligently,1,13,intelligently
12693,nevertheless,9,12,nevertheless
12707,crosscountry,7,12,crosscountry
12724,counterattack,2,13,counterattack
12739,thirdgeneration,3,15,third generation
12741,performanceenhancing,10,20,performance enhancing
12744,rollercoaster,2,13,rollercoaster
12780,conventional,9,12,conventional
12804,vulnerability,8,13,vulnerability
12823,installation,6,12,installation
12831,indiscipline,1,12,in discipline
12870,unreformable,2,12,un reform able
12882,multispeaker,1,12,multi speaker
12886,fonetography,2,12,f one to graph y
12906,victimisation,1,13,victim is ation
12907,astonishment,1,12,astonishment
12908,washingtonbased,2,15,washington based
12916,significantlyimproved,2,21,significantly improved
12930,mediumtolong,1,12,medium to long
12957,dutchmoroccan,1,13,dutch moroccan
12982,preelectronic,2,13,pre electronic
12986,rainaffected,1,12,rain affected
13009,columbiasony,1,12,columbia sony
13020,preparations,1,12,preparations
13068,rugbytackled,1,12,rugby tackled
13092,international,284,13,international
13113,antiretroviral,4,14,antiretroviral
13115,provisionally,3,13,provisionally
13118,prizefighter,2,12,prizefighter
13120,videoondemand,13,13,video on demand
13125,fourthlargest,4,13,fourth largest
13164,bibliography,1,12,bibliography
13165,implementation,6,14,implementation
13176,proportional,1,12,proportional
13187,leicestershire,4,14,leicestershire
13190,globalisation,7,13,globalisation
13204,administrator,12,13,administrator
13209,civilisation,1,12,civilisation
13239,capabilities,1,12,capabilities
13243,participation,9,13,participation
13285,representation,6,14,representation
13301,enlargedember,1,13,enlarged ember
13302,unfavourable,4,12,unfavourable
13311,discriminatory,5,14,discriminatory
13315,characterises,1,13,characterises
13320,stollenmayer,1,12,stollen mayer
13333,unaccountable,1,13,unaccountable
13335,inefficiency,1,12,inefficiency
13346,proeuropeans,1,12,pro europeans
13360,shevardnadze,4,12,sheva rd n adze
13363,qualification,10,13,qualification
13371,screenwriter,4,12,screenwriter
13375,multifunction,1,13,multifunction
13385,nonpermanent,1,12,non permanent
13421,recordholders,1,13,record holders
13422,recordbusting,1,13,record busting
13424,overreliance,1,12,over reliance
13430,longdistance,7,12,long distance
13434,acrobatically,1,13,acrobatic ally
13455,virusfighting,2,13,virus fighting
13473,worldleading,2,12,world leading
13502,automatically,25,13,automatically
13508,jeanfrancois,2,12,jean francois
13532,valuecreating,1,13,value creating
13537,mockauthentic,1,13,mock authentic
13572,beneficiaries,1,13,beneficiaries
13577,headquarters,19,12,headquarters
13583,longarranged,1,12,long arranged
13598,nottoodistant,1,13,not too distant
13607,policymakers,3,12,policymakers
13635,disinterested,1,13,disinterested
13645,cyberathlete,1,12,cyberathlete
13673,josephdesire,1,12,joseph desire
13674,sophistication,2,14,sophistication
13736,conservatives,14,13,conservatives
13745,remotecontrol,1,13,remote control
13763,defibrillator,2,13,defibrillator
13775,uncooperative,2,13,uncooperative
13781,restructuring,8,13,restructuring
13813,presentation,5,12,presentation
13818,unprecedented,6,13,unprecedented
13855,preferential,1,12,preferential
13870,selfdeclared,1,12,self declared
13873,allimportant,1,12,all important
13888,redistribution,2,14,redistribution
13904,encouragement,1,13,encouragement
13928,singersongwriter,2,16,singer songwriter
13940,lincolnshire,1,12,lincolnshire
13946,deceleration,1,12,deceleration
13952,postchristmas,2,13,post christmas
13962,musicologist,1,12,musicologist
13994,conservative,143,12,conservative
14014,personalisation,9,15,personal is ation
14028,particularly,77,12,particularly
14041,unilaterally,1,12,unilaterally
14049,computerimplemented,3,19,computer implemented
14079,modernisation,2,13,modernisation
14100,opportunistic,2,13,opportunistic
14111,manofthematch,1,13,man of the match
14133,overambitious,1,13,overambitious
14134,cardnotpresent,4,14,card not present
14153,embarrassment,2,13,embarrassment
14163,schoolteacher,1,13,schoolteacher
14169,minihydraulic,1,13,mini hydraulic
14185,connectivity,6,12,connectivity
14225,underdevelop,1,12,under develop
14274,extortionist,1,12,extortionist
14281,inconsistent,3,12,inconsistent
14283,thoughtfully,1,12,thoughtfully
14315,resurrection,5,12,resurrection
14346,undergraduate,1,13,undergraduate
14350,repossession,2,12,repossession
14358,internationally,10,15,internationally
14360,bestdesigned,1,12,best designed
14361,redistribute,1,12,redistribute
14394,denialofservice,2,15,denial of service
14415,nationalisation,2,15,nationalisation
14420,bewilderment,1,12,bewilderment
14433,transparency,8,12,transparency
14439,protectionism,1,13,protectionism
14446,baghdadbased,1,12,baghdad based
14455,immaculately,1,12,immaculately
14460,buttnumbathon,1,13,butt numbat hon
14480,babyshamblers,1,13,baby shamble rs
14481,transparently,1,13,transparently
14490,surroundsound,1,13,surround sound
14508,demonstrates,1,12,demonstrates
14512,ubiquitously,2,12,ubiquitously
14518,sarbanesoxley,2,13,sar banes oxley
14530,electroclash,2,12,electro clash
14548,sufficiently,4,12,sufficiently
14549,unsustainable,2,13,unsustainable
14558,vaidyanathan,2,12,v aid yana than
14586,chairmanship,2,12,chairmanship
14596,investigator,5,12,investigator
14599,overcapacity,2,12,over capacity
14602,splitcapital,3,12,split capital
14613,biblethumping,1,13,bible thumping
14639,stratocaster,2,12,stratocaster
14646,contraceptive,1,13,contraceptive
14650,khordokovsky,1,12,khor do kov sky
14671,inexperience,1,12,in experience
14703,differentiate,4,13,differentiate
14722,minimanifesto,1,13,mini manifesto
14754,muchimproved,1,12,much improved
14757,decisionmaking,3,14,decision making
14763,authoritarian,2,13,authoritarian
14772,connectedness,1,13,connected ness
14802,unenforceable,2,13,unenforceable
14814,antiamerican,2,12,anti american
14817,anticorruption,3,14,anti corruption
14841,newportbased,2,12,newport based
14843,interference,1,12,interference
14856,meanstesting,2,12,means testing
14858,enterprising,2,12,enterprising
14862,postconflict,1,12,post conflict
14884,interoperability,2,16,interoperability
14911,costeffective,2,13,cost effective
14919,editorinchief,1,13,editor in chief
14931,renegotiation,2,13,renegotiation
14974,instrumental,3,12,instrumental
14987,commercialise,3,13,commercial is e
14995,misjudgement,2,12,misjudgement
15001,fragmentation,2,13,fragmentation
15004,internazionale,2,14,internazionale
15025,conferencesm,1,12,conferences m
15028,rediscovered,1,12,rediscovered
15033,russianowned,1,12,russian owned
15045,dressingroom,4,12,dressing room
15052,planningshare,1,13,planning share
15057,unsuccessfully,5,14,unsuccessfully
15061,disappointed,17,12,disappointed
15080,swindonnotts,1,12,swindon notts
15099,legalisation,4,12,legal is ation
15120,reunification,1,13,reunification
15137,unimaginable,2,12,unimaginable
15141,interconnect,2,12,interconnect
15160,irelandbased,1,12,ireland based
15197,rusesabagina,3,12,ruses a bag in a
15206,correspondent,34,13,correspondent
15257,commercially,5,12,commercially
15273,gadgetlovers,1,12,gadget lovers
15277,industrialise,5,13,industrial is e
15289,contraception,3,13,contraception
15312,guitartoting,1,12,guitar toting
15317,fileswappers,1,12,file swap per s
15332,playstations,1,12,playstation s
15341,maximisation,1,12,maxim is ation
15342,vociferously,4,12,vociferously
15351,exgirlfriend,2,12,ex girlfriend
15355,spokespeople,1,12,spokespeople
15378,counterstrike,1,13,counter strike
15388,tsunamirelated,2,14,tsunami related
15392,unconditional,3,13,unconditional
15445,proportionate,4,13,proportionate
15512,racketeering,1,12,racketeering
15516,houstonbased,1,12,houston based
15541,fundamentals,1,12,fundamentals
15569,higherreturn,1,12,higher return
15573,gueststarred,1,12,guest starred
15583,fiveyeardeal,1,12,five year deal
15616,threequarters,5,13,three quarters
15618,bonhamcarter,1,12,bonham carter
15633,compensation,28,12,compensation
15635,decapitation,1,12,decapitation
15658,disappointing,21,13,disappointing
15665,nervewracking,3,13,nerve w racking
15689,billingsgate,1,12,billings gate
15745,quickgrowing,1,12,quick growing
15751,continuously,2,12,continuously
15765,photographer,9,12,photographer
15767,pornographer,1,12,pornographer
15780,spanishlanguage,7,15,spanish language
15782,organization,4,12,organization
15789,antiislamism,1,12,anti islamism
15805,biotechnology,1,13,biotechnology
15828,tunisianborn,1,12,tunisian born
15830,userfriendly,2,12,user friendly
15837,institutional,2,13,institutional
15838,affordability,1,13,afford ability
15859,citizenbased,1,12,citizen based
15874,characterise,2,12,characterise
15890,doubleolympic,1,13,double olympic
15895,shakespearean,1,13,shakespearean
15922,semimythical,1,12,semi mythical
15932,wellpublicised,2,14,well publicised
15957,personalised,1,12,personalised
15991,surveillance,10,12,surveillance
16000,experimentation,2,15,experimentation
16003,constellation,1,13,constellation
16019,efficiencies,1,12,efficiencies
16067,petrochemical,1,13,petrochemical
16079,nonexecutive,3,12,non executive
16083,apprehension,2,12,apprehension
16095,administration,34,14,administration
16115,peterborough,2,12,peterborough
16142,unforeseeable,1,13,unforeseeable
16151,documentation,2,13,documentation
16153,seasonallyadjusted,2,18,seasonally adjusted
16165,familyfriendly,2,14,family friendly
16179,mercedesbenz,3,12,mercedes benz
16189,incompatible,5,12,incompatible
16190,cleanburning,1,12,clean burning
16199,respectively,15,12,respectively
16208,doublefaulted,1,13,double faulted
16215,confrontational,2,15,confrontational
16271,kickstarting,1,12,kick starting
16285,contemplates,1,12,contemplates
16290,monthtomonth,1,12,month to month
16295,dispossessed,1,12,dispossessed
16308,communication,48,13,communication
16330,intimidation,3,12,intimidation
16353,welldocumented,2,14,well documented
16367,killamangiro,1,12,kill a man giro
16374,soulsearching,1,13,soul searching
16382,transatlantic,4,13,transatlantic
16422,insufficient,1,12,insufficient
16443,christchurch,1,12,christchurch
16454,radioactivity,1,13,radioactivity
16465,glenurquhart,1,12,glen ur qu hart
16499,preventative,2,12,preventative
16508,championship,97,12,championship
16512,disorientate,1,12,disorient ate
16517,ultrawideband,1,13,ultra wide band
16543,postelection,3,12,post election
16580,welleducated,1,12,well educated
16581,embezzlement,1,12,embezzlement
16597,educationalist,2,14,education a list
16600,consciousness,2,13,consciousness
16627,spanishspeaking,6,15,spanish speaking
16654,asylumseeking,2,13,asylum seeking
16665,classification,2,14,classification
16670,conciliatory,1,12,conciliatory
16689,parliamentarian,2,15,parliamentarian
16704,entertaining,2,12,entertaining
16724,choreographer,3,13,choreographer
16728,regurgitation,1,13,regurgitation
16748,gebrselassie,4,12,gebr selassie
16750,ideologically,1,13,ideologically
16753,lookingglass,1,12,looking glass
16760,stereophonics,1,13,stereophonic s
16765,contradiction,1,13,contradiction
16785,interpretation,6,14,interpretation
16787,commonwealth,5,12,commonwealth
16816,markovadolin,1,12,markova dol in
16853,windowsbased,4,12,windows based
16887,threeminutes,1,12,three minutes
16893,courtimposed,1,12,court imposed
16898,rehabilitation,6,14,rehabilitation
16909,valueformoney,1,13,value for money
16923,infiltration,1,12,infiltration
16931,thoroughness,2,12,thoroughness
16945,scandinavian,2,12,scandinavian
16952,misdirection,1,12,misdirection
16974,prostitution,2,12,prostitution
17008,muchanticipated,5,15,much anticipated
17011,unaccountably,1,13,unaccountably
17026,noncommercial,2,13,noncommercial
17039,presidential,18,12,presidential
17043,businessbased,4,13,business based
17051,assertiveness,1,13,assertiveness
17061,specifically,7,12,specifically
17081,determination,17,13,determination
17108,identification,7,14,identification
17126,coincidental,2,12,coincidental
17145,appreciation,3,12,appreciation
17171,economically,4,12,economically
17173,selfassurance,1,13,self assurance
17194,supercomputer,7,13,supercomputer
17221,individuality,1,13,individuality
17222,recreational,2,12,recreational
17228,glasgowbased,1,12,glasgow based
17229,cosmopolitan,1,12,cosmopolitan
17235,claycourters,1,12,clay court ers
17244,healthrelated,2,13,health related
17254,unsubstantiated,4,15,unsubstantiated
17271,dumfriesshire,1,13,dumfriesshire
17311,allconsuming,1,12,all consuming
17344,exploitation,2,12,exploitation
17350,chauvinistic,1,12,chauvinistic
17358,disillusioned,1,13,disillusioned
17383,lifethreatening,3,15,life threatening
17398,antiblogging,1,12,anti blogging
17412,expropriation,1,13,expropriation
17419,frontbencher,5,12,front ben cher
17424,satisfactory,2,12,satisfactory
17438,radioenabled,1,12,radio enabled
17453,parliamentary,46,13,parliamentary
17456,rapidlyrising,1,13,rapidly rising
17460,uncontrolled,2,12,uncontrolled
17485,foreknowledge,1,13,foreknowledge
17492,fainthearted,1,12,fainthearted
17496,websidestory,4,12,web sidestory
17504,strategically,2,13,strategically
17509,sheffieldborn,1,13,sheffield born
17516,hereditaries,2,12,her edit aries
17520,predominantly,4,13,predominantly
17533,predetermine,2,12,predetermine
17579,accommodation,3,13,accommodation
17583,napsterization,2,14,napster iz ation
17612,fuelefficient,1,13,fuel efficient
17629,buckinghamshire,2,15,buckinghamshire
17645,ballymenaborn,1,13,ballymena born
17672,inexperienced,3,13,inexperienced
17683,spectacularly,2,13,spectacularly
17736,assassinated,1,12,assassinated
17795,careerthreatening,2,17,career threatening
17796,moneyearning,1,12,money earning
17821,hanningfield,1,12,h anning field
17829,gamesondemand,1,13,games on demand
17842,patentability,3,13,patent ability
17866,matchwinning,4,12,match winning
17893,publicsector,1,12,public sector
17900,environments,1,12,environments
17909,selfobsessed,1,12,self obsessed
17920,collisiondetection,2,18,collision detection
17924,preparedness,1,12,preparedness
17959,uncomfortable,4,13,uncomfortable
17972,administrative,4,14,administrative
17989,inadvertently,7,13,inadvertently
18009,largerthanexpected,2,18,larger than expected
18025,organisation,99,12,organisation
18033,accountability,6,14,accountability
18043,screensavers,1,12,screen savers
18048,announcements,1,13,announcements
18057,semiconductor,1,13,semiconductor
18090,suspiciously,2,12,suspiciously
18121,anticoagulant,1,13,anticoagulant
18134,insurrection,1,12,insurrection
18136,expletiveladen,2,14,expletive laden
18151,streetporter,3,12,street porter
18184,antimusharraf,1,13,anti musharraf
18185,threecornered,1,13,three cornered
18210,wholehearted,1,12,wholehearted
18216,carderplanet,2,12,car der planet
18232,jamaicanstyle,1,13,jamaican style
18241,soontoretire,1,12,soon to retire
18244,hillsborough,3,12,hillsborough
18255,internacional,1,13,internacional
18280,precondition,2,12,precondition
18281,unsatisfying,1,12,unsatisfying
18284,unexpectedly,2,12,unexpectedly
18305,embarrassing,1,12,embarrassing
18313,inflationary,7,12,inflationary
18337,futurologist,2,12,fu t urologist
18353,broadcasting,9,12,broadcasting
18366,constitutional,20,14,constitutional
18376,secondstring,3,12,second string
18383,categorically,1,13,categorically
18463,jamesinspired,1,13,james inspired
18509,reproduction,1,12,reproduction
18550,protestation,2,12,protestation
18567,posttakeover,1,12,post takeover
18571,concentration,9,13,concentration
18581,phenomenally,3,12,phenomenally
18589,transgression,1,13,transgression
18598,intermediate,2,12,intermediate
18610,crossselling,1,12,cross selling
18612,championships,9,13,championships
18646,handanimated,1,12,hand animated
18648,vicechairman,3,12,vice chairman
18660,partinorganic,1,13,part inorganic
18661,constructive,8,12,constructive
18700,honeymanscott,1,13,honey man scott
18705,innovationled,1,13,innovation led
18721,availability,4,12,availability
18737,geographical,2,12,geographical
18749,memberstates,1,12,member states
18751,highestranking,3,14,highest ranking
18774,circumstance,12,12,circumstance
18776,unidentified,2,12,unidentified
18778,involvedthey,1,12,involved they
18827,whiteshirted,1,12,white shirted
18828,everexpanding,1,13,ever expanding
18853,thyssenkrupp,2,12,thyssenkrupp
18900,qualitatively,1,13,qualitatively
18906,underfunding,1,12,under funding
18907,unmistakable,2,12,unmistakable
18935,industrialised,6,14,industrialised
18969,peradventure,1,12,per adventure
18977,quickestever,1,12,quickest ever
18982,complimentary,1,13,complimentary
18984,inconceivable,1,13,inconceivable
19048,practicality,1,12,practicality
19062,introduction,15,12,introduction
19072,neighbouring,1,12,neighbouring
19082,independently,5,13,independently
19087,overwhelmingly,4,14,overwhelmingly
19110,supervolcano,4,12,supervolcano
19115,angloswedish,1,12,anglo swedish
19124,unseasonably,2,12,unseasonably
19148,frontrunners,3,12,frontrunners
19174,noncelebrity,1,12,non celebrity
19178,chancayhuaral,2,13,chan cay hu aral
19180,substitution,1,12,substitution
19187,sidescrolling,2,13,sidescrolling
19250,unconvincing,1,12,unconvincing
19253,capitulation,1,12,capitulation
19265,oceanography,1,12,oceanography
19268,britishbased,1,12,british based
19280,longstanding,4,12,longstanding
19312,conceptually,1,12,conceptually
19318,blomefontein,1,12,blom e font e in
19320,establishment,3,13,establishment
19340,maledominated,1,13,male dominated
19354,wellconceived,1,13,well conceived
19370,anheuserbusch,1,13,anheuser busch
19403,repercussion,1,12,repercussion
19411,wellinsulated,1,13,well insulated
19428,incompetence,1,12,incompetence
19434,confederation,2,13,confederation
19442,kimberlyclark,1,13,kimberly clark
19457,angloamerican,3,13,anglo american
19463,smoothtalking,1,13,smooth talking
19518,charttopping,6,12,chart topping
19553,braincontrol,1,12,brain control
19557,jeanphilippe,3,12,jean philippe
19576,inconspicuous,1,13,inconspicuous
19611,respectableh,1,12,respectable h
19637,acceleration,1,12,acceleration
19640,printordering,1,13,print ordering
19678,stakeholders,1,12,stakeholders
19706,jacksonville,2,12,jacksonville
19711,welldesigned,1,12,well designed
19722,uruguayanborn,1,13,uruguayan born
19745,sarcastically,2,13,sarcastically
19751,successfully,14,12,successfully
19755,controversially,4,15,controversially
19761,breathtaking,1,12,breathtaking
19779,purposefully,1,12,purposefully
19781,illumination,1,12,illumination
19784,confidentiality,7,15,confidentiality
19831,shadowcrewcom,1,13,shadow crew com
19861,usefulpopular,1,13,useful popular
19867,decentralised,1,13,de centralised
19879,pointtopoint,1,12,point to point
19885,unfortunately,16,13,unfortunately
19912,reconditioned,1,13,reconditioned
19913,inventiveness,1,13,inventiveness
19923,highdefinition,50,14,high definition
19963,inadmissible,1,12,inadmissible
19976,commissioner,41,12,commissioner
20023,sportsleisure,1,13,sports leisure
20027,environmentally,2,15,environmentally
20029,unpredictable,7,13,unpredictable
20043,reorganisation,2,14,reorganisation
20047,effectiveness,6,13,effectiveness
20068,newlycrowned,1,12,newly crowned
20081,accomplishment,2,14,accomplishment
20084,instantaneous,1,13,instantaneous
20105,heninhardenne,13,13,he ninh ardenne
20122,underpinning,1,12,underpinning
20136,mycokemusiccom,2,14,my coke music com
20176,secondlargest,8,13,second largest
20206,crossplatform,1,13,cross platform
20214,platespinning,1,13,plate spinning
20219,highlighting,1,12,highlighting
20251,glenmorangie,1,12,glen moran gie
20282,phonetapping,1,12,phone tapping
20299,undemocratic,2,12,undemocratic
20304,substantially,7,13,substantially
20328,backtracking,1,12,backtracking
20340,downloadable,8,12,downloadable
20350,enlargedtate,2,12,enlarged tate
20353,remotecontrolled,2,16,remote controlled
20356,simpsondaniel,1,13,simpson daniel
20358,chancellorno,1,12,chancellor no
20390,winterbottom,2,12,winter bottom
20406,manufactured,2,12,manufactured
20407,geoscientists,1,13,geo scientists
20412,teleservices,1,12,tele services
20416,multitalented,2,13,multi talented
20453,acknowledged,1,12,acknowledged
20480,professionally,3,14,professionally
20484,contemporary,9,12,contemporary
20486,incapacitate,1,12,incapacitate
20490,multichannel,4,12,multichannel
20495,oppositional,1,12,oppositional
20521,transportation,6,14,transportation
20581,kiknavelidze,1,12,ki knave lid ze
20604,governmental,2,12,governmental
20605,chevrontexaco,2,13,chevron texaco
20617,multipurpose,1,12,multipurpose
20674,nearidentical,1,13,near identical
20679,nonforprofit,1,12,non for profit
20682,overconfident,1,13,overconfident
20690,routeraccess,1,12,router access
20694,objectionable,3,13,objectionable
20706,fouryearolds,1,12,four year olds
20712,antiimmigration,3,15,anti immigration
20723,misrepresentation,5,17,misrepresentation
20730,newportgwent,1,12,newport gwent
20734,hollinghurst,2,12,holl ing hurst
20768,licenceexempt,1,13,licence exempt
20777,surreptitious,5,13,surreptitious
20877,oversubscribed,2,14,over subscribed
20878,bellahouston,1,12,bella houston
20880,psychological,9,13,psychological
20884,hertfordshire,4,13,hertfordshire
20898,immeasurably,1,12,immeasurably
20906,overwhelming,6,12,overwhelming
20934,johannesburg,1,12,johannesburg
20955,approximately,4,13,approximately
20957,traditionalm,1,12,traditional m
20986,areconsulting,1,13,are consulting
20988,impoverished,1,12,impoverished
20991,acknowledges,1,12,acknowledges
