articleid,word,count,word_len,new_word
36,houstonbased,1,12,houston based
42,speechwriting,2,13,speech writing
61,unenforceable,2,13,unenforceable
62,predominately,2,13,predominately
89,infrastructure,24,14,infrastructure
135,irreversible,1,12,irreversible
190,consistently,13,12,consistently
206,depreciation,2,12,depreciation
265,wellorganised,1,13,well organised
267,coproductions,2,13,co productions
278,geoscientists,1,13,geo scientists
280,contributing,1,12,contributing
286,homosexuality,2,13,homosexuality
305,hypertension,1,12,hypertension
360,londonfrankfurt,2,15,london frankfurt
361,conferencing,3,12,conferencing
362,dysfunctional,2,13,dysfunctional
374,userfriendly,2,12,user friendly
396,lowprevalence,1,13,low prevalence
411,quickgrowing,1,12,quick growing
430,egyptianborn,1,12,egyptian born
435,oceanography,1,12,oceanography
436,lifeextending,1,13,life extending
496,semimythical,1,12,semi mythical
538,undergraduate,1,13,undergraduate
539,instinctively,3,13,instinctively
560,remotecontrol,1,13,remote control
564,globalisation,7,13,globalisation
577,agricultural,14,12,agricultural
583,revolutionised,2,14,revolutionised
586,costeffective,2,13,cost effective
593,thunderbirds,1,12,thunderbirds
626,redundancies,1,12,redundancies
627,dergarabedian,5,13,dergarabedian
674,dictatorship,1,12,dictatorship
680,selfexpression,2,14,self expression
707,autobiography,3,13,autobiography
712,californiabased,3,15,california based
736,dutchmoroccan,1,13,dutch moroccan
738,selfdeclared,1,12,self declared
745,entrepreneur,8,12,entrepreneur
762,proliferation,3,13,proliferation
823,preclearance,1,12,pre clearance
826,rapidlyrising,1,13,rapidly rising
831,pointtopoint,1,12,point to point
854,resurrection,5,12,resurrection
893,acknowledges,1,12,acknowledges
894,interrupting,1,12,interrupting
900,soulsearching,1,13,soul searching
948,highestranking,3,14,highest ranking
965,euroatlantic,1,12,euro atlantic
990,uninterrupted,1,13,uninterrupted
1022,reproduction,1,12,reproduction
1047,frontbencher,5,12,front ben cher
1117,nonsmartphone,1,13,non smartphone
1138,approximately,4,13,approximately
1139,understandably,4,14,understandably
1186,constructive,8,12,constructive
1221,unmistakable,2,12,unmistakable
1231,nipplebaring,1,12,nipple baring
1235,televentures,1,12,tele ventures
1237,khordokovsky,1,12,khordokovsky
1246,understandable,3,14,understandable
1255,mouldbreaking,1,13,mould breaking
1300,specification,11,13,specification
1301,rusesabagina,3,12,rusesabagina
1304,phonographic,9,12,phonographic
1313,shakespearean,1,13,shakespearean
1325,individuality,1,13,individuality
1347,opportunistic,2,13,opportunistic
1351,enthusiastic,2,12,enthusiastic
1398,colonisation,1,12,colonisation
1413,fossilhunting,1,13,fossil hunting
1458,nielsennetratings,8,17,nielsen net ratings
1497,automatically,25,13,automatically
1501,motioncontrol,1,13,motion control
1509,perpetuating,1,12,perpetuating
1523,choreographer,3,13,choreographer
1556,inexperience,1,12,in experience
1580,hrisanthakis,1,12,hrisanthakis
1581,glenurquhart,1,12,glenurquhart
1587,emphatically,1,12,emphatically
1595,motherboards,2,12,motherboards
1630,underperform,1,12,under perform
1636,degenerative,1,12,degenerative
1658,doubleolympic,1,13,double olympic
1662,leadenfooted,1,12,leaden footed
1667,misjudgement,2,12,misjudgement
1688,surgutneftegas,2,14,surgutneftegas
1702,platespinning,1,13,plate spinning
1703,rechargeable,1,12,rechargeable
1729,infiltration,1,12,infiltration
1731,constituency,25,12,constituency
1748,disappointed,17,12,disappointed
1754,minihydraulic,1,13,mini hydraulic
1758,sowdentaylor,2,12,sowdentaylor
1772,unwillingness,2,13,unwillingness
1773,organisation,99,12,organisation
1795,extortionate,1,12,extortionate
1805,welshenglish,1,12,welsh english
1831,nigerianowned,1,13,nigerian owned
1837,scalprecorded,1,13,scalp recorded
1858,psychological,9,13,psychological
1862,unprecedented,6,13,unprecedented
1863,embarrassment,2,13,embarrassment
1889,participation,9,13,participation
1892,irregularity,9,12,irregularity
1897,invitational,1,12,invitational
1906,counterparts,1,12,counterparts
1911,illegitimate,7,12,illegitimate
1920,legitimately,2,12,legitimately
1926,ukcontrolled,1,12,uk controlled
1933,multitalented,2,13,multi talented
1941,interamerican,2,13,inter american
1942,counterbalance,2,14,counterbalance
2011,sophistication,2,14,sophistication
2013,chinawatcher,1,12,china watcher
2033,dangerousthe,1,12,dangerous the
2049,irrespective,3,12,irrespective
2104,timespecific,1,12,time specific
2135,videoondemand,13,13,video on demand
2152,administrator,12,13,administrator
2174,cosmopolitan,1,12,cosmopolitan
2181,displacement,1,12,displacement
2185,functionality,6,13,functionality
2191,multibillion,2,12,multi billion
2194,disorientate,1,12,disorient ate
2216,whistleblower,1,13,whistle blower
2222,intelligence,25,12,intelligence
2228,highlighting,1,12,highlighting
2238,mismanagement,1,13,mismanagement
2252,instantaneous,1,13,instantaneous
2259,pharmaceutical,11,14,pharmaceutical
2277,housebuilder,1,12,house builder
2281,secondlargest,8,13,second largest
2311,collaboration,8,13,collaboration
2360,streetporter,3,12,street porter
2364,fonetography,2,12,fonetography
2388,reverberation,1,13,reverberation
2401,kiknavelidze,1,12,kiknavelidze
2412,bromesberrow,1,12,bromesberrow
2417,welshspeaking,1,13,welsh speaking
2436,impersonator,1,12,impersonator
2443,thanksgiving,2,12,thanksgiving
2452,assassination,3,13,assassination
2474,interactivity,4,13,interactivity
2510,mortgagestyle,1,13,mortgage style
2512,simultaneously,10,14,simultaneously
2556,understanding,5,13,understanding
2560,publiccompany,1,13,public company
2589,ryanairboeing,1,13,ryanair boeing
2595,regeneration,1,12,regeneration
2596,courageously,2,12,courageously
2604,normalengined,1,13,normal engined
2617,questionnaire,3,13,questionnaire
2655,surreptitiously,2,15,surreptitiously
2656,worldleading,2,12,world leading
2661,harmonisation,1,13,harmon is ation
2673,pornographer,1,12,pornographer
2679,ratification,2,12,ratification
2683,antiviolence,4,12,anti violence
2702,allaustralian,3,13,all australian
2716,conferencesm,1,12,conferences m
2719,largerthanexpected,2,18,larger than expected
2733,antiterrorism,5,13,anti terrorism
2753,significantly,16,13,significantly
2760,introduction,15,12,introduction
2771,consolidation,12,13,consolidation
2820,lewisfrancis,15,12,lewis francis
2827,industrialise,5,13,industrialise
2830,underproduced,1,13,under produced
2864,surprisingly,6,12,surprisingly
2869,valueformoney,1,13,value for money
2873,verbalicious,1,12,verbalicious
2875,novemberearly,1,13,november early
2917,thyssenkrupp,2,12,thyssenkrupp
2930,affordability,1,13,afford ability
2931,mendaciously,1,12,mendaciously
2962,billiondollar,5,13,billion dollar
3004,incompatible,5,12,incompatible
3011,reimbursement,1,13,reimbursement
3086,angloswedish,1,12,anglo swedish
3088,websidestory,4,12,web sidestory
3100,dispassionate,1,13,dispassionate
3140,advertisement,3,13,advertisement
3160,anticorruption,3,14,anti corruption
3176,planningshare,1,13,planning share
3183,conversation,18,12,conversation
3190,interrogation,1,13,interrogation
3208,supervolcano,4,12,supervolcano
3269,greensleeves,2,12,greensleeves
3276,coincidental,2,12,coincidental
3301,recapitalised,1,13,re capitalised
3327,crossexamined,2,13,cross examined
3340,pararallying,2,12,para rallying
3342,announcements,1,13,announcements
3352,rehabilitate,2,12,rehabilitate
3357,incapacitate,1,12,incapacitate
3401,newlycrowned,1,12,newly crowned
3412,artificially,3,12,artificially
3414,angloamerican,3,13,anglo american
3447,architecture,7,12,architecture
3452,unremittingly,6,13,unremittingly
3490,newsgamingcom,1,13,newsgamingcom
3493,ticketholder,1,12,ticket holder
3504,timehonoured,2,12,time honoured
3511,thirdgeneration,3,15,third generation
3531,purposefully,1,12,purposefully
3537,transgression,1,13,transgression
3541,noncompetitive,2,14,noncompetitive
3546,partinorganic,1,13,part inorganic
3573,reproductive,1,12,reproductive
3588,searchengine,1,12,search engine
3590,decisiveness,1,12,decisiveness
3594,argumentative,1,13,argumentative
3600,antiaircraft,1,12,antiaircraft
3603,authoritative,1,13,authoritative
3609,pianopounder,1,12,piano pounder
3614,allimportant,1,12,all important
3620,nonperforming,1,13,non performing
3621,principality,1,12,principality
3633,instantaccess,1,13,instant access
3641,sindelfingen,1,12,s in delf in gen
3673,broadcasting,9,12,broadcasting
3683,underdevelop,1,12,under develop
3722,insensitivity,1,13,insensitivity
3736,availability,4,12,availability
3766,courtimposed,1,12,court imposed
3795,inconclusive,1,12,inconclusive
3799,liberalisation,3,14,liberalisation
3801,seasonallyadjusted,2,18,seasonally adjusted
3834,christchurch,1,12,christchurch
3854,incapacitated,1,13,incapacitated
3865,astonishingly,2,13,astonishingly
3873,lowerranking,1,12,lower ranking
3878,misconception,3,13,misconception
3893,indescribable,1,13,indescribable
3919,championship,97,12,championship
3973,drumthrowing,1,12,drum throwing
4000,gadgetlovers,1,12,gadget lovers
4014,wellconceived,1,13,well conceived
4019,higherreturn,1,12,higher return
4042,interception,1,12,interception
4054,unsuccessfully,5,14,unsuccessfully
4075,postgraduate,1,12,postgraduate
4077,salsamerengue,1,13,salsa merengue
4078,unbelievable,1,12,unbelievable
4111,intermediary,2,12,intermediary
4115,overconfident,1,13,overconfident
4131,sophisticated,14,13,sophisticated
4144,homeshopping,1,12,home shopping
4162,ultrawideband,1,13,ultra wide band
4213,supernatural,4,12,supernatural
4259,policyholder,3,12,policyholder
4268,inconvenience,3,13,inconvenience
4289,unsatisfying,1,12,unsatisfying
4322,goodpractice,1,12,good practice
4338,harinordoquy,6,12,har in or do quy
4340,civilisation,1,12,civilisation
4346,inconsistent,3,12,inconsistent
4355,enlargedtate,2,12,enlarged tate
4363,surroundings,3,12,surroundings
4367,smoothtalking,1,13,smooth talking
4396,establishment,3,13,establishment
4400,collaborative,1,13,collaborative
4414,nevertheless,9,12,nevertheless
4421,stranglehold,3,12,stranglehold
4428,professional,36,12,professional
4437,nanotechnology,2,14,nanotechnology
4470,efficiencies,1,12,efficiencies
4471,fileswapping,2,12,file swapping
4509,welfaretowork,1,13,welfare to work
4515,moneychangers,1,13,money changers
4552,mockauthentic,1,13,mock authentic
4569,deliberation,1,12,deliberation
4595,longdistance,7,12,long distance
4601,retrospective,2,13,retrospective
4605,soberlysuited,1,13,soberly suited
4636,predominantly,4,13,predominantly
4638,coordination,3,12,coordination
4650,mediterranean,1,13,mediterranean
4691,fiveyeardeal,1,12,five year deal
4697,familyfriendly,2,14,family friendly
4710,performances,1,12,performances
4725,selfcontained,2,13,self contained
4731,jeanfrancois,2,12,jean francois
4733,fainthearted,1,12,fainthearted
4744,preparedness,1,12,preparedness
4745,personalised,1,12,personalised
4821,rehabilitation,6,14,rehabilitation
4835,writerdirector,3,14,writer director
4837,confectionery,2,13,confectionery
4882,reformminded,1,12,reform minded
4885,unencumbered,1,12,un encumbered
4915,conventional,9,12,conventional
4937,pricewaterhousecoopers,3,22,price water house coopers 
4950,ridiculously,1,12,ridiculously
4953,tunisianborn,1,12,tunisian born
4958,jamaicanstyle,1,13,jamaican style
4970,ubiquitously,2,12,ubiquitously
4971,dramatisation,1,13,drama tis ation
5011,fourthquarter,3,13,fourth quarter
5021,khodorkovsky,32,12,khodorkovsky
5028,strengthened,1,12,strengthened
5035,unconvincing,1,12,unconvincing
5058,evidencebased,1,13,evidence based
5081,decentralised,1,13,de centralised
5085,fuelinjection,2,13,fuel injection
5138,preelectronic,2,13,pre electronic
5171,copyprotection,2,14,copy protection
5193,remotecontrolled,2,16,remote controlled
5197,serialisation,1,13,serialisation
5252,parliamentary,46,13,parliamentary
5254,manipulation,3,12,manipulation
5255,wolstenholme,1,12,wolstenholme
5262,disappearance,9,13,disappearance
5282,prodemocracy,1,12,pro democracy
5317,exponentially,1,13,exponentially
5348,subcontractor,2,13,subcontractor
5353,cannontoting,1,12,cannon toting
5378,homelessness,1,12,homelessness
5381,discrimination,12,14,discrimination
5395,jointventure,1,12,joint venture
5396,interconnect,2,12,interconnect
5402,millionpound,1,12,million pound
5430,transportation,6,14,transportation
5448,injuryravaged,1,13,injury ravaged
5457,experimentation,2,15,experimentation
5458,technological,12,13,technological
5469,bureaucratic,4,12,bureaucratic
5500,psychologist,1,12,psychologist
5505,satisfaction,6,12,satisfaction
5508,phonetapping,1,12,phone tapping
5524,unsuccessful,6,12,unsuccessful
5526,foreignowned,2,12,foreign owned
5532,tsunamirelated,2,14,tsunami related
5535,computerimplemented,3,19,computer implemented
5560,strategically,2,13,strategically
5577,ideologically,1,13,ideologically
5607,demonstrated,1,12,demonstrated
5629,problematical,1,13,problematical
5634,announcement,61,12,announcement
5647,latinohiphopradiocom,12,20,latino hiphop radio com
5680,secondbiggest,4,13,second biggest
5682,reintroduced,1,12,reintroduced
5697,paidforpassalong,2,16,paid for pass along
5711,racketeering,1,12,racketeering
5719,anticipation,5,12,anticipation
5730,proportionate,4,13,proportionate
5734,occasionally,7,12,occasionally
5743,liverpudlians,1,13,liverpudlians
5779,investigation,71,13,investigation
5805,transitional,2,12,transitional
5820,michelangelo,1,12,michelangelo
5839,registration,9,12,registration
5867,fuerteventura,1,13,fuerteventura
5871,electroclash,2,12,electro clash
5926,bibliography,1,12,bibliography
5945,fictionalise,1,12,fictionalise
5965,disturbingly,1,12,disturbingly
5972,hollinghurst,2,12,holl ing hurst
5995,jeanphilippe,3,12,jean philippe
5999,astonishment,1,12,astonishment
6000,overwhelmingly,4,14,overwhelmingly
6002,unremarkable,1,12,unremarkable
6029,instrumental,3,12,instrumental
6030,preinstalled,1,12,pre installed
6032,reconstruction,26,14,reconstruction
6033,multitakings,2,12,multi takings
6067,democratisation,4,15,democrat is ation
6074,stagemanaged,2,12,stage managed
6091,contradictory,5,13,contradictory
6098,unaccountable,1,13,unaccountable
6100,conclusively,1,12,conclusively
6117,berthinussen,1,12,berthinussen
6119,dramatically,7,12,dramatically
6127,indiscipline,1,12,indiscipline
6156,manufactured,2,12,manufactured
6169,neighbourhood,4,13,neighbourhood
6188,antiretroviral,4,14,antiretroviral
6198,unimaginable,2,12,unimaginable
6220,soontoretire,1,12,soon to retire
6247,napsterization,2,14,napsterization
6251,conveniently,1,12,conveniently
6307,proportional,1,12,proportional
6321,recordbreaking,6,14,record breaking
6337,declarations,1,12,declarations
6354,charttoppers,2,12,chart toppers
6357,merriamwebster,5,14,merriam webster
6395,singersongwriter,2,16,singer songwriter
6413,franciscobased,3,14,francisco based
6414,differentiate,4,13,differentiate
6419,overcapacity,2,12,over capacity
6421,frustratingly,1,13,frustratingly
6440,behindclosed,1,12,behind closed
6463,sportsleisure,1,13,sports leisure
6470,photographer,9,12,photographer
6480,sheffieldborn,1,13,sheffield born
6488,unassailable,2,12,unassailable
6497,memberstates,1,12,member states
6499,encroachment,1,12,encroachment
6500,quadriplegic,1,12,quadriplegic
6514,cleanburning,1,12,clean burning
6524,administration,34,14,administration
6551,entertainment,89,13,entertainment
6552,protagonists,1,12,protagonists
6555,commissioner,41,12,commissioner
6556,coincidentally,2,14,coincidentally
6579,drinkdriving,3,12,drink driving
6582,superathletic,1,13,super athletic
6606,inauguration,2,12,inauguration
6623,departmental,1,12,departmental
6636,grammywinning,1,13,grammy winning
6638,transatlantic,4,13,transatlantic
6647,heninhardenne,13,13,heninhardenne
6648,subsequently,6,12,subsequently
6665,intellectual,7,12,intellectual
6672,prostitution,2,12,prostitution
6689,unseasonably,2,12,unseasonably
6706,fouryearolds,1,12,four year olds
6711,thirdbiggest,3,12,third biggest
6748,infringement,13,12,infringement
6783,russianowned,1,12,russian owned
6790,underfunding,1,12,under funding
6798,traditionally,15,13,traditionally
6808,ekhayelitsha,2,12,ekhayelitsha
6831,supercomputing,2,14,super computing
6833,eccentricity,1,12,eccentricity
6836,internetbased,2,13,internet based
6851,britishbased,1,12,british based
6856,licenceexempt,1,13,licence exempt
6858,revolutionary,3,13,revolutionary
6914,postchristmas,2,13,post christmas
6916,entertaining,2,12,entertaining
6917,bookingearold,1,13,book in gear old
6931,professionalism,4,15,professionalism
6932,conspicuously,1,13,conspicuously
6945,muchimproved,1,12,much improved
6949,decentralise,1,12,decentralise
6953,fourthminute,1,12,fourth minute
6983,antiimmigration,3,15,anti immigration
6995,visakhapatnam,1,13,visa khapa tnam
7001,nearidentical,1,13,near identical
7017,chennaibased,1,12,chennai based
7028,highlyradioactive,2,17,highly radioactive
7039,qualification,10,13,qualification
7067,hanningfield,1,12,hanning field
7104,microsystems,2,12,microsystems
7159,higherpriced,1,12,higher priced
7165,internationalised,4,17,internationalised
7166,paternalistic,1,13,paternalistic
7180,capitulation,1,12,capitulation
7193,baghdadbased,1,12,baghdad based
7197,robotiquette,3,12,robotiquette
7198,antiglobalisation,2,17,anti globalisation
7205,fraudulently,3,12,fraudulently
7211,mycokemusiccom,2,14,mycokemusiccom
7265,attributable,1,12,attributable
7266,collaborator,2,12,collaborator
7268,palookaville,2,12,palookaville
7272,consciousness,2,13,consciousness
7292,nationalisation,2,15,nationalisation
7294,predetermine,2,12,predetermine
7296,massachusetts,5,13,massachusetts
7305,schoolfriends,1,13,school friends
7340,workingclass,1,12,working class
7385,macroeconomic,2,13,macroeconomic
7391,carolinabased,1,13,carolina based
7416,selfcritical,1,12,self critical
7419,extravaganza,1,12,extravaganza
7424,disappointment,18,14,disappointment
7443,decisionmaking,3,14,decision making
7450,confederation,2,13,confederation
7479,ritesofpassage,2,14,rites of passage
7491,irresponsible,10,13,irresponsible
7541,operationally,1,13,operationally
7563,hertfordshire,4,13,hertfordshire
7578,embarrassing,1,12,embarrassing
7589,recordholders,1,13,record holders
7609,backtracking,1,12,backtracking
7641,posttakeover,1,12,post takeover
7655,invasiveness,1,12,invasive ness
7657,secondfastest,1,13,second fastest
7664,dopingrelated,1,13,doping related
7674,meanstesting,2,12,means testing
7678,africanamerican,3,15,african american
7686,shareholding,1,12,shareholding
7692,reorganisation,2,14,reorganisation
7712,europeafrica,1,12,europe africa
7734,substitution,1,12,substitution
7736,interpretation,6,14,interpretation
7745,unaccompanied,4,13,unaccompanied
7751,humanitarian,5,12,humanitarian
7766,disaffection,1,12,disaffection
7835,quickestever,1,12,quickest ever
7851,confrontational,2,15,confrontational
7865,recordholder,1,12,record holder
7889,complimentary,1,13,complimentary
7919,correctional,2,12,correctional
7920,constitution,38,12,constitution
7921,indefinitely,8,12,indefinitely
7947,confirmation,7,12,confirmation
7960,misrepresentation,5,17,misrepresentation
7992,fragmentation,2,13,fragmentation
7993,cryptography,1,12,cryptography
8008,unscrupulous,2,12,unscrupulous
8014,peradventure,1,12,per adventure
8041,commonwealth,5,12,commonwealth
8085,inventiveness,1,13,inventiveness
8169,thirdquarter,3,12,third quarter
8173,oversubscribed,2,14,over subscribed
8186,illiberalism,1,12,illiberalism
8188,proportionately,3,15,proportionately
8191,threeandahalf,1,13,three and a half
8265,computational,1,13,computational
8270,multinationals,3,14,multinationals
8289,schwarzenegger,2,14,schwarzenegger
8321,unaccountably,1,13,unaccountably
8338,anheuserbusch,1,13,anheuser busch
8354,developmental,1,13,developmental
8371,subscription,23,12,subscription
8386,halobungieorg,1,13,halo bungie org
8407,incompatibility,2,15,incompatibility
8413,energystarved,1,13,energy starved
8414,connectedness,1,13,connected ness
8421,antieuropeans,1,13,anti europeans
8427,oppositional,1,12,oppositional
8428,demonstrates,1,12,demonstrates
8432,contribution,38,12,contribution
8463,breathtaking,1,12,breathtaking
8477,repercussion,1,12,repercussion
8496,wellinsulated,1,13,well insulated
8514,jamesinspired,1,13,james inspired
8588,wellpublicised,2,14,well publicised
8613,assassinated,1,12,assassinated
8625,aesthetically,1,13,aesthetically
8636,everexpanding,1,13,ever expanding
8651,technologies,3,12,technologies
8709,libertadores,1,12,libertadores
8794,beerflavoured,2,13,beer flavoured
8808,newportbased,2,12,newport based
8809,nonspecialist,1,13,non specialist
8813,propostition,1,12,propostition
8819,proeuropeans,1,12,pro europeans
8829,threequarter,1,12,three quarter
8845,rubberstamps,1,12,rubber stamps
8846,insignificant,2,13,insignificant
8870,lostprophets,1,12,lostprophets
8884,heavilytipped,2,13,heavily tipped
8885,passtheparcel,2,13,pass the parcel
8915,kickstarting,1,12,kick starting
8920,spectacularly,2,13,spectacularly
8930,governmentcommissioned,2,22,government commissioned
8933,shadowcrewcom,1,13,shadow crew com
8937,winterbottom,2,12,winter bottom
8946,baskinrobbins,1,13,baskin robbins
8962,untrammelled,1,12,untrammelled
8975,unpredictable,7,13,unpredictable
9049,looseforward,1,12,loose forward
9051,precautionary,1,13,precautionary
9056,antiamerican,2,12,anti american
9057,conciliation,5,12,conciliation
9063,dumfriesshire,1,13,dumfriesshire
9072,inflationary,7,12,inflationary
9075,surreptitious,5,13,surreptitious
9088,irritatingly,1,12,irritatingly
9119,convincingly,1,12,convincingly
9123,colombianborn,1,13,colombian born
9158,receptionist,1,12,receptionist
9162,multilingual,2,12,multilingual
9168,extortionist,1,12,extortionist
9171,disinterested,1,13,disinterested
9189,continuation,2,12,continuation
9205,preoccupation,1,13,preoccupation
9216,accomplished,3,12,accomplished
9226,industrialised,6,14,industrialised
9228,yuganskneftegas,19,15,yuganskneftegas
9240,gebrselassie,4,12,gebr selassie
9243,overlyzealous,2,13,overly zealous
9293,administrative,4,14,administrative
9300,bellahouston,1,12,bella houston
9304,virusfighting,2,13,virus fighting
9324,selfassurance,1,13,self assurance
9332,bloodandsinew,1,13,blood and sinew
9340,assertiveness,1,13,assertiveness
9341,comprehensively,2,15,comprehensively
9380,vicechairman,3,12,vice chairman
9408,fileswappers,1,12,file swap per s
9448,multichannel,4,12,multichannel
9471,pencepershare,1,13,pence per share
9488,castrogiovanni,5,14,castrogiovanni
9541,cardnotpresent,4,14,card not present
9551,accompaniment,1,13,accompaniment
9555,authentication,2,14,authentication
9573,thoroughness,2,12,thoroughness
9588,behindthescenes,2,15,behind the scenes
9603,carderplanet,2,12,carder planet
9606,precondition,2,12,precondition
9631,straightsets,1,12,straight sets
9639,albanianborn,1,12,albanian born
9652,playstations,1,12,playstations
9678,certification,1,13,certification
9685,inaccessible,3,12,inaccessible
9709,conservative,143,12,conservative
9714,productivity,6,12,productivity
9739,gangsterstyle,1,13,gangster style
9753,ramification,2,12,ramification
9810,reevaluation,1,12,reevaluation
9823,postelection,3,12,post election
9852,responsibility,54,14,responsibility
9862,reconditioned,1,13,reconditioned
9865,floridabased,2,12,florida based
9882,hindilanguage,1,13,hindi language
9902,semifictional,1,13,semi fictional
9918,groundbreaking,7,14,groundbreaking
9937,preventative,2,12,preventative
9946,multispeaker,1,12,multi speaker
9948,glasgowbased,1,12,glasgow based
9949,innovationled,1,13,innovation led
9960,sectarianism,3,12,sectarianism
9966,rebandingwill,1,13,re banding will
9987,selffinanced,1,12,self financed
9988,continuously,2,12,continuously
10003,cambridgebased,2,14,cambridge based
10014,swindonnotts,1,12,swindon notts
10044,jakartabased,1,12,jakarta based
10099,aynsleygreen,4,12,aynsleygreen
10136,vaidyanathan,2,12,vaidyanathan
10148,asbestosrelated,2,15,asbestos related
10161,multimillion,3,12,multi million
10188,controversial,63,13,controversial
10189,renegotiation,2,13,renegotiation
10198,neighbouring,1,12,neighbouring
10213,statecontrolled,4,15,state controlled
10214,objectionable,3,13,objectionable
10227,wrightphillips,14,14,wright phillips
10257,oldfashioned,5,12,old fashioned
10263,crossplatform,1,13,cross platform
10307,asylumseeking,2,13,asylum seeking
10310,indispensable,1,13,indispensable
10367,acrobatically,1,13,acrobatic ally
10391,fastestgrowing,5,14,fastest growing
10399,underestimating,4,15,underestimating
10413,mathematical,3,12,mathematical
10466,nonrepayable,1,12,non repayable
10477,eighthseeded,2,12,eighth seeded
10485,decisionmaker,1,13,decision maker
10487,recommendation,7,14,recommendation
10515,illumination,1,12,illumination
10538,immaculately,1,12,immaculately
10542,counterstrike,1,13,counter strike
10562,demonstration,7,13,demonstration
10590,philharmonic,1,12,philharmonic
10643,presidential,18,12,presidential
10648,irreplaceable,1,13,irreplaceable
10689,peacekeeping,1,12,peacekeeping
10691,choreography,4,12,choreography
10699,presentation,5,12,presentation
10702,nonemergency,1,12,non emergency
10705,educationalist,2,14,educationalist
10721,nervewracking,3,13,nervewracking
10722,understaffed,1,12,understaffed
10725,construction,31,12,construction
10731,inefficiency,1,12,inefficiency
10741,uruguayanborn,1,13,uruguayan born
10745,reinitiation,1,12,reinitiation
10750,substantially,7,13,substantially
10752,injuryplagued,1,13,injury plagued
10760,chevrontexaco,2,13,chevron texaco
10770,impersonated,1,12,impersonated
10789,distributing,1,12,distributing
10805,intimidation,3,12,intimidation
10806,wonderstrike,1,12,wonder strike
10825,thirdlargest,3,12,third largest
10828,whiteshirted,1,12,white shirted
10839,redistribution,2,14,redistribution
10860,confiscatory,1,12,conf isca tory
10872,victimisation,1,13,victimisation
10877,profitability,9,13,profitability
10879,categorically,1,13,categorically
10885,enlargedember,1,13,enlarged ember
10901,patentability,3,13,patent ability
10908,stratocaster,2,12,stratocaster
10911,confidentiality,7,15,confidentiality
10913,accommodation,3,13,accommodation
10917,theirfamilies,1,13,their families
10925,casinorelated,1,13,casino related
10939,additionally,1,12,additionally
10978,visualisation,1,13,visualisation
11002,anticoagulant,1,13,anticoagulant
11004,djembadjemba,1,12,djembadjemba
11018,consequently,1,12,consequently
11043,halfmarathon,3,12,half marathon
11076,splitcapital,3,12,split capital
11078,unilaterally,1,12,unilaterally
11087,singaporelisted,2,15,singapore listed
11103,supercomputer,7,13,supercomputer
11128,highdefinition,50,14,high definition
11144,immeasurably,1,12,immeasurably
11161,crosscountry,7,12,crosscountry
11173,bedfordshire,1,12,bedfordshire
11182,crossselling,1,12,cross selling
11184,progovernment,1,13,pro government
11193,breastbaring,1,12,breast baring
11194,programmable,2,12,programmable
11199,turkmenistan,6,12,turkmenistan
11230,threemonthly,1,12,three monthly
11240,intermission,1,12,intermission
11254,representative,33,14,representative
11259,southeastern,1,12,southeastern
11272,preparations,1,12,preparations
11278,welleducated,1,12,well educated
11287,biblethumping,1,13,bible thumping
11292,atomstroieksport,2,16,atomstroiek sport
11308,islamaphobia,1,12,islam a phobia
11341,widereaching,1,12,wide reaching
11373,computerbased,4,13,computer based
11378,windowsbased,4,12,windows based
11423,disciplinary,17,12,disciplinary
11464,demonstrator,1,12,demonstrator
11479,realistically,5,13,realistically
11511,undemocratic,2,12,undemocratic
11517,konstantinos,1,12,konstantino s
11518,identification,7,14,identification
11546,disheartened,1,12,disheartened
11577,spanishlanguage,7,15,spanish language
11598,contradiction,1,13,contradiction
11631,uncomfortable,4,13,uncomfortable
11636,appreciation,3,12,appreciation
11642,unacceptable,17,12,unacceptable
11671,centreforward,1,13,centre forward
11673,monthtomonth,1,12,month to month
11698,deliberately,13,12,deliberately
11726,industrialist,2,13,industrialist
11730,bureaucratism,1,13,bureaucratism
11742,satyanarayana,1,13,satyanarayana
11759,pornographic,6,12,pornographic
11794,progressively,1,13,progressively
11802,vicedirector,1,12,vice director
11811,selfdestruct,1,12,self destruct
11815,multipurpose,1,12,multipurpose
11842,democratgreen,1,13,democrat green
11894,battlegrounds,1,13,battlegrounds
11897,respectableh,1,12,respectable h
11937,rainaffected,1,12,rain affected
11956,journalistic,2,12,journalistic
11972,recreational,2,12,recreational
11988,practicality,1,12,practicality
11998,matchwinning,4,12,match winning
12007,unreasonable,4,12,unreasonable
12078,extraordinary,14,13,extraordinary
12079,welldocumented,2,14,well documented
12093,roguedialling,2,13,rogue dialling
12101,meandzoegate,1,12,meandzoegate
12115,confrontation,6,13,confrontation
12119,glenmorangie,1,12,glenmorangie
12147,spokespeople,1,12,spokespeople
12168,bandsartists,1,12,bands artists
12196,comprehensive,6,13,comprehensive
12201,unreturnable,1,12,unreturnable
12204,chauvinistic,1,12,chauvinistic
12221,nextgeneration,2,14,next generation
12230,bonhamcarter,1,12,bonham carter
12235,dispensation,1,12,dispensation
12236,transparency,8,12,transparency
12261,independence,26,12,independence
12275,stakeholders,1,12,stakeholders
12281,swashbuckling,1,13,swashbuckling
12292,protestation,2,12,protestation
12317,foreignbased,1,12,foreign based
12325,unfavourable,4,12,unfavourable
12331,doubledeckers,1,13,double decker s
12339,neathswansea,4,12,neath swansea
12355,installation,6,12,installation
12385,inadmissible,1,12,inadmissible
12398,vindictively,1,12,vindictively
12410,underestimate,3,13,underestimate
12433,periodically,1,12,periodically
12436,speculatively,1,13,speculative ly
12443,ballymenaborn,1,13,ballymena born
12525,claycourters,1,12,clay courters
12527,minuteeconds,1,12,minute seconds
12564,areconsulting,1,13,are consulting
12574,authoritarian,2,13,authoritarian
12601,wellpolished,1,12,well polished
12606,johannesburg,1,12,johannesburg
12609,statisticians,1,13,statisticians
12611,coproduction,8,12,co production
12614,hitzlsperger,3,12,hitzlsperger
12644,energysapping,1,13,energy sapping
12646,newportgwent,1,12,newport gwent
12650,electronically,4,14,electronically
12651,sittingbourne,1,13,sitting bourne
12663,babyshambles,4,12,babyshambles
12683,extraordinarily,2,15,extraordinarily
12685,underexposure,2,13,under exposure
12693,particularly,77,12,particularly
12711,locationbased,1,13,location based
12725,unfortunately,16,13,unfortunately
12726,singlehandedly,3,14,single handedly
12762,cinematographer,2,15,cinematographer
12812,singlebedroom,1,13,single bedroom
12821,newlyappointed,2,14,newly appointed
12824,chiropractor,1,12,chiropractor
12837,characteristic,3,14,characteristic
12839,investigated,2,12,investigated
12845,holidaymaker,1,12,holiday maker
12849,recordbusting,1,13,record busting
12869,institutional,2,13,institutional
12881,nanoparticles,1,13,nanoparticles
12882,associations,1,12,associations
12923,vociferously,4,12,vociferously
12927,troublemaker,3,12,troublemaker
12946,amplification,1,13,amplification
12956,undetectable,2,12,undetectable
12969,commercialise,3,13,commercialise
12974,demotivating,1,12,de motivating
12999,bedellsivright,2,14,be dells iv right
13030,wwwarsenalcom,1,13,wwwarsenalcom
13063,apprehension,2,12,apprehension
13092,autobiographical,2,16,auto biographical
13094,businessbased,4,13,business based
13105,christianity,1,12,christianity
13108,distribution,34,12,distribution
13113,sarbanesoxley,2,13,sarbanesoxley
13129,vulnerability,8,13,vulnerability
13144,frankenheimer,2,13,frankenheimer
13153,discriminatory,5,14,discriminatory
13154,invincibility,1,13,invincibility
13158,nongovernment,1,13,non government
13167,antisemitism,3,12,antisemitism
13204,nonforprofit,1,12,non for profit
13240,quicklytaken,1,12,quickly taken
13253,magnificently,2,13,magnificently
13273,environments,1,12,environments
13300,incompetence,1,12,incompetence
13301,threequarters,5,13,three quarters
13314,antiblogging,1,12,anti blogging
13321,interoperability,2,16,inter operability
13343,environmental,35,13,environmental
13396,downshifting,1,12,down shifting
13432,multifunction,1,13,multifunction
13457,dispossessed,1,12,dispossessed
13491,phenomenally,3,12,phenomenally
13495,energetically,1,13,energetically
13521,dressingroom,4,12,dressing room
13527,prechristmas,2,12,pre christmas
13544,inconceivable,1,13,inconceivable
13574,awardwinning,8,12,award winning
13597,fuelefficient,1,13,fuel efficient
13609,prescription,2,12,prescription
13614,effectiveness,6,13,effectiveness
13615,plasterboard,1,12,plasterboard
13641,accomplishment,2,14,accomplishment
13660,krivorizhstal,3,13,krivorizhstal
13671,tuberculosis,2,12,tuberculosis
13678,professionally,3,14,professionally
13702,counterterrorism,2,16,counter terrorism
13766,misrepresent,1,12,misrepresent
13778,compatibility,4,13,compatibility
13784,usregistered,1,12,us registered
13802,welldesigned,1,12,well designed
13805,congressional,4,13,congressional
13811,controversially,4,15,controversially
13863,computergenerated,5,17,computer generated
13870,expletiveladen,2,14,expletive laden
13876,timeshifting,1,12,time shifting
13885,brisbanebased,1,13,brisbane based
13915,respectively,15,12,respectively
13923,international,284,13,international
13924,citizenbased,1,12,citizen based
13931,hairdressing,1,12,hairdressing
13936,overambitious,1,13,overambitious
13983,inappropriate,11,13,inappropriate
14008,restructuing,1,12,restructuing
14028,cashstrapped,2,12,cash strapped
14119,enterprising,2,12,enterprising
14120,whittingdale,1,12,whitting dale
14125,legalisation,4,12,legalisation
14127,constitutional,20,14,constitutional
14150,groundstrokes,1,13,ground strokes
14165,codebreaking,1,12,codebreaking
14174,virginiabased,1,13,virginia based
14181,maledominated,1,13,male dominated
14228,conceptually,1,12,conceptually
14266,manufacturing,26,13,manufacturing
14288,characterize,1,12,characterize
14316,yuganskneftegaz,7,15,yuganskneftegaz
14332,fundamentals,1,12,fundamentals
14342,healthrelated,2,13,health related
14384,keywordbased,1,12,keyword based
14387,antisectarian,1,13,anti sectarian
14394,billingsgate,1,12,billings gate
14402,internazionale,2,14,internazionale
14430,historically,3,12,historically
14455,astronomical,1,12,astronomical
14463,persistently,1,12,persistently
14500,appropriately,4,13,appropriately
14544,guitartoting,1,12,guitar toting
14566,deceleration,1,12,deceleration
14569,advertiserbased,2,15,advertiser based
14597,consultation,15,12,consultation
14603,columbiasony,1,12,columbia sony
14609,underpressure,1,13,under pressure
14613,downconverting,2,14,down converting
14616,internacional,1,13,internacional
14617,nonessential,1,12,nonessential
14629,spokesperson,18,12,spokesperson
14642,insufficient,1,12,insufficient
14650,staffordsmith,1,13,stafford smith
14660,specifically,7,12,specifically
14661,misdirection,1,12,misdirection
14679,communicator,5,12,communicator
14686,unauthorised,4,12,unauthorised
14694,seventhseeded,3,13,seventh seeded
14700,antibacterial,1,13,antibacterial
14705,maximisation,1,12,maxim is ation
14716,cancellation,6,12,cancellation
14721,cyberathlete,1,12,cyberathlete
14739,interference,1,12,interference
14757,surveillance,10,12,surveillance
14761,stereophonics,1,13,stereophonic
14782,transformation,5,14,transformation
14799,philadelphia,4,12,philadelphia
14806,nonexecutive,3,12,non executive
14807,fourthbiggest,2,13,fourth biggest
14836,weidensteiner,1,13,weiden steiner
14837,georgewbushcom,3,14,george w bush com
14843,concentration,9,13,concentration
14877,routeraccess,1,12,router access
14879,impoverished,1,12,impoverished
14886,characterises,1,13,characterises
14927,oscarnominated,14,14,oscar nominated
14938,allenveloping,1,13,all enveloping
14947,quarterfinal,25,12,quarterfinal
14950,centrehalves,1,12,centre halves
14968,restructuren,1,12,restructure
15019,unforeseeable,1,13,unforeseeable
15093,intervention,20,12,intervention
15094,disappointing,21,13,disappointing
15120,unreformable,2,12,un reformable
15121,encouragement,1,13,encouragement
15151,consumercreated,2,15,consumer created
15154,overwhelming,6,12,overwhelming
15165,philippoussis,5,13,philippoussis
15181,personalisation,9,15,personal is ation
15184,nonsolicited,1,12,non solicited
15186,significance,2,12,significance
15247,liverpudlian,1,12,liverpudlian
15337,futurologist,2,12,futurologist
15372,footballplaying,2,15,football playing
15378,blomefontein,1,12,blomefontein
15402,overcrowding,1,12,overcrowding
15406,powersharing,1,12,power sharing
15413,noncommercial,2,13,noncommercial
15450,independently,5,13,independently
15470,lightcoloured,1,13,light coloured
15476,schoolteacher,1,13,schoolteacher
15477,nontechnical,2,12,nontechnical
15478,performanceenhancing,10,20,performance enhancing
15483,straightforward,15,15,straightforward
15494,lichtenstein,3,12,lichtenstein
15498,legallydownloaded,2,17,legally downloaded
15531,conglomerate,1,12,conglomerate
15533,staffordshire,1,13,staffordshire
15572,longstanding,4,12,longstanding
15591,julyseptember,1,13,july september
15622,payperaction,2,12,pay per action
15635,seasonending,3,12,season ending
15637,buttnumbathon,1,13,buttnumbathon
15639,bewilderment,1,12,bewilderment
15647,tranquillity,2,12,tranquillity
15654,accidentally,5,12,accidentally
15684,fundamentally,4,13,fundamentally
15710,disadvantage,10,12,disadvantage
15718,passionately,1,12,passionately
15731,nottoodistant,1,13,not too distant
15737,contraceptive,1,13,contraceptive
15740,charttopping,6,12,chart topping
15742,chancellorno,1,12,chancellor no
15757,defibrillator,2,13,defibrillator
15775,adaptibility,1,12,adaptibility
15786,honeymanscott,1,13,honey man scott
15788,radioactivity,1,13,radioactivity
15794,unsubstantiated,4,15,unsubstantiated
15803,manufacturer,33,12,manufacturer
15812,nottinghamshire,2,15,nottinghamshire
15821,underachievement,2,16,under achievement
15849,increasingly,53,12,increasingly
15885,breakthrough,21,12,breakthrough
15897,competitiveness,8,15,competitiveness
15909,biotechnology,1,13,biotechnology
15919,markovadolin,1,12,markovadolin
15928,congratulation,6,14,congratulation
15968,irresponsibility,2,16,irresponsibility
15981,interrogator,1,12,interrogator
15990,foreknowledge,1,13,foreknowledge
15993,inflammatory,1,12,inflammatory
16001,simpsondaniel,1,13,simpson daniel
16029,antiphishing,1,12,anti phishing
16063,jacksonville,2,12,jacksonville
16071,actordirector,1,13,actor director
16077,herefordshire,1,13,herefordshire
16088,musicalcomedy,2,13,musical comedy
16108,oscarwinning,10,12,oscar winning
16113,codecracking,2,12,code cracking
16120,unsustainable,2,13,unsustainable
16129,crimefighting,1,13,crime fighting
16131,unattractive,1,12,unattractive
16161,exportdriven,2,12,export driven
16187,schizophrenic,2,13,schizophrenic
16189,wholehearted,1,12,wholehearted
16214,counterclaim,1,12,counterclaim
16244,compensation,28,12,compensation
16245,underwhelming,1,13,under whelming
16257,britishbacked,1,13,british backed
16286,liechtenstein,1,13,liechtenstein
16328,modernisation,2,13,modernisation
16329,littlefeather,1,13,little feather
16369,transparently,1,13,transparently
16382,congratulate,6,12,congratulate
16383,screensavers,1,12,screen savers
16389,antagonistic,1,12,antagonistic
16397,uncompromising,2,14,uncompromising
16399,concurrently,1,12,concurrently
16409,verification,1,12,verification
16424,middlesbrough,17,13,middlesbrough
16439,commoditising,2,13,commoditise
16441,lowerskilled,1,12,lower skilled
16456,involvedthey,1,12,involved they
16457,diarywriting,2,12,diary writing
16469,rugbytackled,1,12,rugby tackled
16480,repossession,2,12,repossession
16502,restructuring,8,13,restructuring
16512,quantitative,1,12,quantitative
16538,inexperienced,3,13,inexperienced
16566,contemplates,1,12,contemplates
16585,collectively,1,12,collectively
16608,reinvigorate,1,12,reinvigorate
16681,reengineered,1,12,re engineered
16703,circumstance,12,12,circumstance
16723,revolutionise,8,13,revolutionise
16728,gamesondemand,1,13,games on demand
16732,sixthhighest,1,12,sixth highest
16785,publicsector,1,12,public sector
16834,investigator,5,12,investigator
16845,threecornered,1,13,three cornered
16861,traditionalm,1,12,traditional
16910,expropriation,1,13,expropriation
16942,determination,17,13,determination
16953,collisiondetection,2,18,collision detection
16956,unfavourably,1,12,un favourably
16963,conservatives,14,13,conservatives
16987,implantation,1,12,implantation
16995,usefulpopular,1,13,useful popular
17011,confidential,26,12,confidential
17030,protectionism,1,13,protectionism
17044,latenovember,1,12,late november
17120,impressionist,1,13,impressionist
17144,relationship,60,12,relationship
17165,dependability,1,13,dependability
17182,effortlessly,1,12,effortlessly
17190,selfdiagnosis,2,13,self diagnosis
17222,introspective,1,13,introspective
17252,lifethreatening,3,15,life threatening
17257,privatisation,9,13,privatisation
17259,disillusioned,1,13,disillusioned
17265,parliamentarian,2,15,parliamentarian
17270,satisfactory,2,12,satisfactory
17275,exploitation,2,12,exploitation
17280,comparatively,2,13,comparatively
17281,geographical,2,12,geographical
17288,uncooperative,2,13,uncooperative
17297,selfdelusion,1,12,self delusion
17305,miscarriages,1,12,miscarriages
17317,spontaneously,1,13,spontaneously
17330,provisionally,3,13,provisionally
17367,pronouncement,2,13,pronouncement
17372,insurrection,1,12,insurrection
17374,authenticorp,2,12,authentic or p
17389,uninterested,1,12,uninterested
17407,interrogated,1,12,interrogated
17423,preferential,1,12,preferential
17433,capitalisation,3,14,capitalisation
17437,investigative,1,13,investigative
17452,congressionallymandated,2,23,congressionally mandated
17475,exceptionally,1,13,exceptionally
17484,majorityowned,1,13,majority owned
17487,highresolution,3,14,high resolution
17491,telecommunication,21,17,telecommunication
17518,prizefighter,2,12,prizefighter
17524,messageboard,1,12,message board
17530,fourthlargest,4,13,fourth largest
17537,admissibility,1,13,admissibility
17549,disintegrate,1,12,disintegrate
17551,impressively,3,12,impressively
17575,irelandbased,1,12,ireland based
17598,connectivity,6,12,connectivity
17605,optinrealbig,6,12,optinrealbig
17650,highcapacity,4,12,high capacity
17659,gueststarred,1,12,guest starred
17683,discriminate,7,12,discriminate
17684,biggestselling,2,14,biggest selling
17702,conciliatory,1,12,conciliatory
17703,noncelebrity,1,12,non celebrity
17706,sidescrolling,2,13,sidescrolling
17732,killamangiro,1,12,killamangiro
17763,purification,1,12,purification
17796,commemoration,3,13,commemoration
17800,environmentally,2,15,environmentally
17801,muzaffarabad,1,12,muzaffarabad
17806,doorstepping,1,12,door stepping
17839,unemployment,47,12,unemployment
17852,kimberlyclark,1,13,kimberly clark
17869,commercially,5,12,commercially
17884,jacksonstyle,1,12,jackson style
17905,considerably,8,12,considerably
17916,mindnumbingly,1,13,mind numbingly
17929,buckinghamshire,2,15,buckinghamshire
17934,individually,8,12,individually
17978,organisations,1,13,organisations
17988,spanishspeaking,6,15,spanish speaking
18005,contaminationfree,2,17,contamination free
18011,intelligently,1,13,intelligently
18038,sweetnatured,1,12,sweet natured
18047,braincontrol,1,12,brain control
18055,discriminated,1,13,discriminated
18095,pronunciation,1,13,pronunciation
18116,modification,1,12,modification
18131,mediumtolong,1,12,medium to long
18137,votecatching,1,12,vote catching
18157,inconspicuous,1,13,inconspicuous
18161,allconsuming,1,12,all consuming
18168,counterattack,2,13,counterattack
18188,unnecessarily,2,13,unnecessarily
18193,printordering,1,13,print ordering
18198,selfobsessed,1,12,self obsessed
18199,lincolnshire,1,12,lincolnshire
18206,screenfilling,1,13,screen filling
18212,outofcompetition,2,16,out of competition
18217,systematically,3,14,systematically
18219,muchanticipated,5,15,much anticipated
18232,capabilities,1,12,capabilities
18235,representation,6,14,representation
18251,doublefaults,3,12,double faults
18278,technologydominated,3,19,technology dominated
18291,antimusharraf,1,13,anti musharraf
18316,environmentalist,2,16,environmentalist
18327,acceleration,1,12,acceleration
18339,classification,2,14,classification
18346,inadvertently,7,13,inadvertently
18349,editorinchief,1,13,editor in chief
18358,unstructured,1,12,unstructured
18364,crosslicense,1,12,cross license
18371,characterise,2,12,characterise
18406,leicestershire,4,14,leicestershire
18408,consideration,11,13,consideration
18438,recognisable,1,12,recognisable
18445,multilateral,2,12,multilateral
18450,electrically,1,12,electrically
18453,sufficiently,4,12,sufficiently
18461,consecutively,1,13,consecutively
18467,sarcastically,2,13,sarcastically
18484,decapitation,1,12,decapitation
18513,longarranged,1,12,long arranged
18521,storytelling,1,12,storytelling
18530,fastestrising,1,13,fastest rising
18542,benchmarking,1,12,benchmarking
18544,silverbooted,1,12,silver booted
18546,constellation,1,13,constellation
18570,thoughtfully,1,12,thoughtfully
18595,significantlyimproved,2,21,significantly improved
18606,bestdesigned,1,12,best designed
18607,chancayhuaral,2,13,chancayhuaral
18621,unexpectedly,2,12,unexpectedly
18637,supercasinos,4,12,supercasino
18648,troubleshoot,1,12,troubleshoot
18684,nontraditional,3,14,non traditional
18689,moneyspinning,2,13,money spinning
18693,solicitation,3,12,solicitation
18711,newlyfounded,1,12,newly founded
18714,redevelopment,1,13,redevelopment
18719,flamethrower,1,12,flamethrower
18727,terabytesize,1,12,terabyte size
18758,titlewinning,1,12,title winning
18799,incrediblelike,3,14,incredible like
18804,moneyspinner,1,12,money spinner
18810,manofthematch,1,13,man of the match
18827,disproportionate,6,16,disproportionate
18847,reinstatement,2,13,reinstatement
18877,enthusiastically,2,16,enthusiastically
18884,reintegration,1,13,reintegration
18891,teleservices,1,12,tele services
18904,battleground,3,12,battleground
18933,inspirational,3,13,inspirational
18934,hillsborough,3,12,hillsborough
18940,bloomingdale,2,12,blooming dale
18942,hereditaries,2,12,her edit aries
18949,secondstring,3,12,second string
18995,babyshamblers,1,13,baby shamblers
19012,longestserving,3,14,longest serving
19014,unregistered,1,12,unregistered
19023,showbusiness,2,12,show business
19038,antiislamism,1,12,anti islamism
19043,transmission,8,12,transmission
19051,sophisticate,7,12,sophisticate
19055,indiapakistan,1,13,india pakistan
19059,quarterpoint,1,12,quarter point
19061,careerthreatening,2,17,career threatening
19079,reunification,1,13,reunification
19106,righteousness,2,13,righteousness
19150,alternatively,1,13,alternatively
19174,euroscepticism,2,14,euroscepticism
19180,palestinians,1,12,palestinians
19189,deterioration,4,13,deterioration
19194,accountability,6,14,accountability
19195,unfulfilling,2,12,un fulfilling
19199,handanimated,1,12,hand animated
19204,beneficiaries,1,13,beneficiaries
19212,renationalise,2,13,re nationalise
19228,daimlerchrysler,12,15,daimlerchrysler
19262,worstaffected,2,13,worst affected
19265,quickthinking,1,13,quick thinking
19266,indiscretion,1,12,indiscretion
19281,governmental,2,12,governmental
19311,agrochemical,1,12,a gro chemical
19336,sixkilometre,1,12,six kilometre
19356,scandinavian,2,12,scandinavian
19371,embezzlement,1,12,embezzlement
19372,shevardnadze,4,12,shevardnadze
19381,policymakers,3,12,policy makers
19385,downloadable,8,12,downloadable
19389,contemporary,9,12,contemporary
19405,washingtonbased,2,15,washington based
19409,regurgitation,1,13,regurgitation
19449,screenwriter,4,12,screenwriter
19487,aggressively,7,12,aggressively
19499,consultative,1,12,consultative
19513,documentation,2,13,documentation
19539,propertybased,1,13,property based
19548,suspiciously,2,12,suspiciously
19557,antieuropean,1,12,anti european
19563,qualitatively,1,13,qualitatively
19564,tripledecker,1,12,triple decker
19576,semifinalist,1,12,semifinalist
19577,higherquality,1,13,higher quality
19587,chairmanship,2,12,chairmanship
19588,gloucestershire,2,15,gloucestershire
19646,josephdesire,1,12,joseph desire
19668,fayetteville,1,12,fayetteville
19672,postconflict,1,12,post conflict
19689,dissatisfied,1,12,dissatisfied
19696,exgirlfriend,2,12,ex girlfriend
19717,musicologist,1,12,musicologist
19735,successfully,14,12,successfully
19757,denialofservice,2,15,denial of service
19783,gamebreakers,1,12,game breakers
19785,interoperable,2,13,interoperable
19791,differential,2,12,differential
19792,mercedesbenz,3,12,mercedes benz
19823,longrumoured,1,12,long rumoured
19840,valuecreating,1,13,value creating
19850,seasonleading,1,13,season leading
19875,secondplaced,2,12,second placed
19877,cannabisbased,1,13,cannabis based
19881,doublefaulted,1,13,double faulted
19911,intermediate,2,12,intermediate
19914,fifthlargest,1,12,fifth largest
19925,uncontrolled,2,12,uncontrolled
19959,manslaughter,3,12,manslaughter
19993,considerable,7,12,considerable
19997,redistribute,1,12,redistribute
20020,petrochemical,1,13,petrochemical
20044,surroundsound,1,13,surround sound
20068,notification,1,12,notification
20075,vicepresident,7,13,vicepresident
20077,headquarters,19,12,headquarters
20105,lackadaisical,1,13,lackadaisical
20116,rediscovered,1,12,rediscovered
20129,lookingglass,1,12,looking glass
20130,acknowledged,1,12,acknowledged
20131,childishness,1,12,childishness
20149,implementation,6,14,implementation
20154,intentionally,2,13,intentionally
20156,championships,9,13,championships
20163,minimanifesto,1,13,mini manifesto
20175,internationally,10,15,internationally
20178,cinematography,4,14,cinematography
20193,inconsistency,1,13,inconsistency
20194,stereotypical,3,13,stereotypical
20222,swaminarayan,1,12,swami narayan
20240,semiconductor,1,13,semiconductor
20258,underpinning,1,12,underpinning
20314,unintentional,3,13,unintentional
20321,missionairies,1,13,missionairies
20331,correspondent,34,13,correspondent
20353,knowledgeable,1,13,knowledgeable
20363,montrealbased,1,13,montreal based
20395,disagreement,4,12,disagreement
20397,jurisdiction,13,12,jurisdiction
20428,reconstructed,2,13,reconstructed
20451,overemphasise,1,13,over emphasise
20479,moneyearning,1,12,money earning
20487,doubleheader,1,12,doubleheader
20488,misunderstood,3,13,misunderstood
20493,wigglesworth,2,12,wiggles worth
20512,peterborough,2,12,peterborough
20517,aberdeenbased,1,13,aberdeen based
20558,communication,48,13,communication
20602,rollercoaster,2,13,rollercoaster
20610,deregulation,4,12,deregulation
20619,organization,4,12,organization
20632,frontrunners,3,12,frontrunners
20651,radioenabled,1,12,radio enabled
20653,stringfellow,2,12,stringfellow
20654,justification,1,13,justification
20657,experimental,4,12,experimental
20680,threeminutes,1,12,three minutes
20682,papadoyiannakis,2,15,papadoyiannakis
20683,stollenmayer,1,12,stollen mayer
20761,economically,4,12,economically
20763,firstquarter,1,12,first quarter
20774,unidentified,2,12,unidentified
20808,renfrewshire,1,12,renfrewshire
20809,fastspreading,1,13,fast spreading
20831,metropolitan,11,12,metropolitan
20832,sonyericsson,2,12,sony ericsson
20846,contraception,3,13,contraception
20857,unconditional,3,13,unconditional
20880,englishspeaking,5,15,english speaking
20882,approximation,1,13,approximation
20890,nonpermanent,1,12,non permanent
20907,overreliance,1,12,over reliance
20939,panagopoulos,1,12,panagopoulos